2026-08-10 17:44:00.098 +0530 [debug] (configs.js) loaded default configs as "{"updates":{"manifest_url":"https://cdn.freshdev.io/assets/fdk/updates.json","changelog_url":"https://cdn.freshdev.io/assets/fdk/change-log.json","period":24},"log":{"level":"info"},"javascript":{"ecma_version":2020},"request":{"timeout":15000},"global_apps":{"enabled":true},"easel":{"enabled":false},"job":{"timeout":120000}}"
2026-08-10 17:44:00.100 +0530 [debug] (configs.js) loaded global configs as "{"request":{"timeout":15000},"global_apps":{"enabled":"true"},"job":{"timeout":120000}}"
2026-08-10 17:44:00.101 +0530 [debug] (configs.js) loaded local configs as "{"global_apps":{"enabled":"true"},"request":{"timeout":15000},"job":{"timeout":120000}}"
2026-08-10 17:44:00.101 +0530 [debug] (configs.js) loaded env configs as "{"updates":{},"log":{},"javascript":{},"request":{"timeout":15000},"job":{"timeout":120000}}"
2026-08-10 17:44:00.101 +0530 [debug] (configs.js) loaded resolved configs as "{"updates":{"manifest_url":"https://cdn.freshdev.io/assets/fdk/updates.json","changelog_url":"https://cdn.freshdev.io/assets/fdk/change-log.json","period":24},"log":{"level":"info"},"javascript":{"ecma_version":2020},"request":{"timeout":15000},"global_apps":{"enabled":"true"},"easel":{"enabled":false},"job":{"timeout":120000}}"
2026-08-10 17:44:00.101 +0530 [debug] (logger.js) Starting FDK in node v24.11.1 on darwin
2026-08-10 17:44:00.101 +0530 [debug] (sequelize.js) setting up sqilite at "/Users/akashram/Desktop/fw Projects/PrestaConnector/.fdk/store.sqlite"
2026-08-10 17:44:00.101 +0530 [debug] (data.js) Read {"version_details":{"cli":{"deprecated":{"version":"<9","message":"This FDK version has been deprecated. There will be no further feature updates to this version. For a seamless app-building experience, ensure to move to the latest FDK version. For more information, see https://developers.freshworks.com/docs/app-sdk/v2.3/freshdesk/migration-guide/#migrate-to-the-latest-platform-version."},"forced":{"version":"7.0.0","command":"npm install https://dl.freshdev.io/cli/fdk-7.0.0.tgz -g","message":"Your FDK version has been forced updated to v7.0.0, please visit https://community.developers.freshworks.com/t/fdk-v7-0-announcing-node-js-v12-and-es6-support/3606 to know more"},"latest":{"version":"10.1.9","command":"npm install https://cdn.freshdev.io/fdk/latest-v24.tgz -g","message":"You are on the latest FDK version. For information on the features available as part of this FDK version, see https://developers.freshworks.com/docs/?tab=modules."}},"addon":{"version":"2.2.9","url":"https://cdn.freshdev.io/assets/fdk/addons/addon.zip"}},"last_updated":{"time_stamp":1786338078017}}
2026-08-10 17:44:00.101 +0530 [debug] (updater.js) last check less than 24 hours ago, not looking for updates
2026-08-10 17:44:00.102 +0530 [debug] (index.js) running with opts {}
2026-08-10 17:44:00.170 +0530 [debug] (data.js) Read {"version_details":{"cli":{"deprecated":{"version":"<9","message":"This FDK version has been deprecated. There will be no further feature updates to this version. For a seamless app-building experience, ensure to move to the latest FDK version. For more information, see https://developers.freshworks.com/docs/app-sdk/v2.3/freshdesk/migration-guide/#migrate-to-the-latest-platform-version."},"forced":{"version":"7.0.0","command":"npm install https://dl.freshdev.io/cli/fdk-7.0.0.tgz -g","message":"Your FDK version has been forced updated to v7.0.0, please visit https://community.developers.freshworks.com/t/fdk-v7-0-announcing-node-js-v12-and-es6-support/3606 to know more"},"latest":{"version":"10.1.9","command":"npm install https://cdn.freshdev.io/fdk/latest-v24.tgz -g","message":"You are on the latest FDK version. For information on the features available as part of this FDK version, see https://developers.freshworks.com/docs/?tab=modules."}},"addon":{"version":"2.2.9","url":"https://cdn.freshdev.io/assets/fdk/addons/addon.zip"}},"last_updated":{"time_stamp":1786338078017}}
2026-08-10 17:44:00.171 +0530 [debug] (manifest.js) Reloading manifest with {"platform-version":"3.0","modules":{"common":{"location":{"full_page_app":{"url":"dashboard.html","icon":"icon.svg"}},"requests":{"verify_freshdesk_credentials":{},"verify_prestashop_store_live":{},"freshdesk_get_live":{},"freshdesk_post_live":{},"freshdesk_put_live":{},"prestashop_get_live":{},"prestashop_post_live":{},"prestashop_put_live":{},"prestashop_delete_live":{}},"events":{"onAppInstall":{"handler":"onAppInstall"},"afterAppUpdate":{"handler":"afterAppUpdate"},"onAppUninstall":{"handler":"onAppUninstall"},"onExternalEvent":{"handler":"onExternalEvent"},"onScheduledEvent":{"handler":"onScheduledEvent"}},"functions":{"getDashboardData":{},"getSidebarData":{},"persistPrestaShopStoresSecurely":{},"reconnectPrestaShopSync":{},"getPrestaShopOrderNotes":{},"addPrestaShopOrderNote":{},"applyPrestaShopOrderCoupon":{},"refundPrestaShopOrder":{},"cancelPrestaShopOrder":{},"updatePrestaShopOrderShipping":{}}},"support_ticket":{"events":{"onTicketUpdate":{"handler":"handleTicketUpdate"},"onConversationCreate":{"handler":"handleConversationCreate"}},"location":{"ticket_sidebar":{"url":"ticket_sidebar.html","icon":"icon.svg"}}}},"engines":{"node":"24.11.0","fdk":"10.0.1"},"app":{"tracking_id":"s9hytuyr897n65hk7927","start_time":"2025-06-07T14:05:19.420Z"}}.
2026-08-10 17:44:00.172 +0530 [debug] (manifest.js) Inferred db,backend as features.
2026-08-10 17:44:00.172 +0530 [debug] (data.js) Read {"version_details":{"cli":{"deprecated":{"version":"<9","message":"This FDK version has been deprecated. There will be no further feature updates to this version. For a seamless app-building experience, ensure to move to the latest FDK version. For more information, see https://developers.freshworks.com/docs/app-sdk/v2.3/freshdesk/migration-guide/#migrate-to-the-latest-platform-version."},"forced":{"version":"7.0.0","command":"npm install https://dl.freshdev.io/cli/fdk-7.0.0.tgz -g","message":"Your FDK version has been forced updated to v7.0.0, please visit https://community.developers.freshworks.com/t/fdk-v7-0-announcing-node-js-v12-and-es6-support/3606 to know more"},"latest":{"version":"10.1.9","command":"npm install https://cdn.freshdev.io/fdk/latest-v24.tgz -g","message":"You are on the latest FDK version. For information on the features available as part of this FDK version, see https://developers.freshworks.com/docs/?tab=modules."}},"addon":{"version":"2.2.9","url":"https://cdn.freshdev.io/assets/fdk/addons/addon.zip"}},"last_updated":{"time_stamp":1786338078017}}
2026-08-10 17:44:00.285 +0530 [debug] (coverage.js) INIT: About to merge initial coverage data with 3 files
2026-08-10 17:44:00.286 +0530 [debug] (coverage.js) INIT: After merge - Files in map: 3
2026-08-10 17:44:00.298 +0530 [debug] (index.js) Initializing AJV schemas from individual files
2026-08-10 17:44:00.298 +0530 [debug] (index.js) Compiling schemas...
2026-08-10 17:44:00.303 +0530 [debug] (index.js) All schemas compiled successfully
2026-08-10 17:44:00.433 +0530 [debug] (index.js) 'schema: ' [object Object]
2026-08-10 17:44:00.436 +0530 [debug] (index.js) 'schema: ' [object Object]
2026-08-10 17:44:00.437 +0530 [debug] (index.js) 'schema: ' [object Object]
2026-08-10 17:44:00.437 +0530 [debug] (index.js) 'schema: ' [object Object]
2026-08-10 17:44:00.437 +0530 [debug] (index.js) 'schema: ' [object Object]
2026-08-10 17:44:00.438 +0530 [debug] (index.js) 'schema: ' [object Object]
2026-08-10 17:44:00.438 +0530 [debug] (index.js) 'schema: ' [object Object]
2026-08-10 17:44:00.441 +0530 [debug] (index.js) 'schema: ' [object Object]
2026-08-10 17:44:00.441 +0530 [debug] (index.js) 'schema: ' [object Object]
2026-08-10 17:44:00.441 +0530 [debug] (index.js) 'schema: ' [object Object]
2026-08-10 17:44:00.443 +0530 [debug] (index.js) 'schema: ' [object Object]
2026-08-10 17:44:00.444 +0530 [debug] (index.js) 'schema: ' [object Object]
2026-08-10 17:44:00.445 +0530 [debug] (index.js) 'schema: ' [object Object]
2026-08-10 17:44:00.445 +0530 [debug] (index.js) 'schema: ' [object Object]
2026-08-10 17:44:00.445 +0530 [debug] (index.js) 'schema: ' [object Object]
2026-08-10 17:44:00.446 +0530 [debug] (index.js) 'schema: ' [object Object]
2026-08-10 17:44:00.446 +0530 [debug] (index.js) 'schema: ' [object Object]
2026-08-10 17:44:00.450 +0530 [debug] (index.js) 'schema: ' [object Object]
2026-08-10 17:44:00.643 +0530 [debug] (pack.js) 'pack' called with {}
2026-08-10 17:44:00.644 +0530 [debug] (validate.js) asked to skip the following validations, 
2026-08-10 17:44:00.644 +0530 [debug] (validate.js) running validator actions
2026-08-10 17:44:00.644 +0530 [debug] (validate.js) running validator requests
2026-08-10 17:44:00.644 +0530 [debug] (requests.js) validating request template for "verify_freshdesk_credentials"
2026-08-10 17:44:00.644 +0530 [debug] (validate.js) running validator app-dir
2026-08-10 17:44:00.644 +0530 [debug] (validate.js) running validator config-dir
2026-08-10 17:44:00.644 +0530 [debug] (config-dir.js) Checking to see if /Users/akashram/Desktop/fw Projects/PrestaConnector/config/ exists.
2026-08-10 17:44:00.644 +0530 [debug] (config-dir.js) Fetched the following config files assets,iparams.html,requests.json
2026-08-10 17:44:00.644 +0530 [debug] (validate.js) running validator custom-objects
2026-08-10 17:44:00.644 +0530 [debug] (validate.js) running validator event
2026-08-10 17:44:00.658 +0530 [debug] (event.js) Found ["onAppInstall","afterAppUpdate","onAppUninstall","onExternalEvent","onScheduledEvent","getDashboardData","getSidebarData","persistPrestaShopStoresSecurely","reconnectPrestaShopSync","getPrestaShopOrderNotes","addPrestaShopOrderNote","applyPrestaShopOrderCoupon","refundPrestaShopOrder","cancelPrestaShopOrder","updatePrestaShopOrderShipping","handleTicketUpdate","handleConversationCreate"] as exported functions.
2026-08-10 17:44:00.658 +0530 [debug] (validate.js) running validator iparam
2026-08-10 17:44:00.669 +0530 [debug] (validate.js) running validator lint
2026-08-10 17:44:00.669 +0530 [debug] (lint.js) passed fix flag: undefined
2026-08-10 17:44:00.670 +0530 [debug] (lint.js) Running the following lints on the file app/scripts/app.js : no-eval,no-alert,no-debugger,no-unreachable,no-duplicate-imports,constructor-super,for-direction,no-class-assign,no-new-native-nonconstructor,valid-typeof,no-eq-null,no-var,require-await,no-unreachable-loop,no-redeclare,no-self-assign,no-setter-return,no-shadow-restricted-names,no-this-before-super,no-unsafe-finally,no-unsafe-optional-chaining,no-unused-vars,no-useless-catch,eqeqeq,prefer-const,require-yield,no-global-assign,no-caller,no-process-env,complexity,max-nested-callbacks,handle-callback-err,getter-return,no-async-promise-executor,no-case-declarations,no-compare-neg-zero,no-cond-assign,no-const-assign,no-constant-condition,no-control-regex,no-delete-var,no-dupe-args,no-dupe-class-members,no-dupe-else-if,no-dupe-keys,no-duplicate-case,no-empty,no-empty-character-class,no-empty-pattern,no-ex-assign,no-extra-boolean-cast,no-extra-semi,no-fallthrough,no-func-assign,no-import-assign,no-inner-declarations,no-invalid-regexp,no-irregular-whitespace,no-loss-of-precision,no-misleading-character-class,no-mixed-spaces-and-tabs,no-nonoctal-decimal-escape,no-obj-calls,no-octal,no-prototype-builtins,no-regex-spaces,no-sparse-arrays,no-unexpected-multiline,no-unsafe-negation,no-unused-labels,no-useless-backreference,no-useless-escape,no-with,use-isnan,no-unpkg-cdn,no-proxy-requests,no-unhandled-promise,no-logging-rejections,no-non-client-request-model,no-deprecated-apis,no-cross-scope-assign,no-empty-function
2026-08-10 17:44:00.724 +0530 [debug] (lint.js) Running the following lints on the file app/scripts/dashboard.js : no-eval,no-alert,no-debugger,no-unreachable,no-duplicate-imports,constructor-super,for-direction,no-class-assign,no-new-native-nonconstructor,valid-typeof,no-eq-null,no-var,require-await,no-unreachable-loop,no-redeclare,no-self-assign,no-setter-return,no-shadow-restricted-names,no-this-before-super,no-unsafe-finally,no-unsafe-optional-chaining,no-unused-vars,no-useless-catch,eqeqeq,prefer-const,require-yield,no-global-assign,no-caller,no-process-env,complexity,max-nested-callbacks,handle-callback-err,getter-return,no-async-promise-executor,no-case-declarations,no-compare-neg-zero,no-cond-assign,no-const-assign,no-constant-condition,no-control-regex,no-delete-var,no-dupe-args,no-dupe-class-members,no-dupe-else-if,no-dupe-keys,no-duplicate-case,no-empty,no-empty-character-class,no-empty-pattern,no-ex-assign,no-extra-boolean-cast,no-extra-semi,no-fallthrough,no-func-assign,no-import-assign,no-inner-declarations,no-invalid-regexp,no-irregular-whitespace,no-loss-of-precision,no-misleading-character-class,no-mixed-spaces-and-tabs,no-nonoctal-decimal-escape,no-obj-calls,no-octal,no-prototype-builtins,no-regex-spaces,no-sparse-arrays,no-unexpected-multiline,no-unsafe-negation,no-unused-labels,no-useless-backreference,no-useless-escape,no-with,use-isnan,no-unpkg-cdn,no-proxy-requests,no-unhandled-promise,no-logging-rejections,no-non-client-request-model,no-deprecated-apis,no-cross-scope-assign,no-empty-function
2026-08-10 17:44:00.732 +0530 [debug] (lint.js) Running the following lints on the file app/scripts/order_action_modal.js : no-eval,no-alert,no-debugger,no-unreachable,no-duplicate-imports,constructor-super,for-direction,no-class-assign,no-new-native-nonconstructor,valid-typeof,no-eq-null,no-var,require-await,no-unreachable-loop,no-redeclare,no-self-assign,no-setter-return,no-shadow-restricted-names,no-this-before-super,no-unsafe-finally,no-unsafe-optional-chaining,no-unused-vars,no-useless-catch,eqeqeq,prefer-const,require-yield,no-global-assign,no-caller,no-process-env,complexity,max-nested-callbacks,handle-callback-err,getter-return,no-async-promise-executor,no-case-declarations,no-compare-neg-zero,no-cond-assign,no-const-assign,no-constant-condition,no-control-regex,no-delete-var,no-dupe-args,no-dupe-class-members,no-dupe-else-if,no-dupe-keys,no-duplicate-case,no-empty,no-empty-character-class,no-empty-pattern,no-ex-assign,no-extra-boolean-cast,no-extra-semi,no-fallthrough,no-func-assign,no-import-assign,no-inner-declarations,no-invalid-regexp,no-irregular-whitespace,no-loss-of-precision,no-misleading-character-class,no-mixed-spaces-and-tabs,no-nonoctal-decimal-escape,no-obj-calls,no-octal,no-prototype-builtins,no-regex-spaces,no-sparse-arrays,no-unexpected-multiline,no-unsafe-negation,no-unused-labels,no-useless-backreference,no-useless-escape,no-with,use-isnan,no-unpkg-cdn,no-proxy-requests,no-unhandled-promise,no-logging-rejections,no-non-client-request-model,no-deprecated-apis,no-cross-scope-assign,no-empty-function
2026-08-10 17:44:00.743 +0530 [debug] (lint.js) Running the following lints on the file app/scripts/runtime.js : no-eval,no-alert,no-debugger,no-unreachable,no-duplicate-imports,constructor-super,for-direction,no-class-assign,no-new-native-nonconstructor,valid-typeof,no-eq-null,no-var,require-await,no-unreachable-loop,no-redeclare,no-self-assign,no-setter-return,no-shadow-restricted-names,no-this-before-super,no-unsafe-finally,no-unsafe-optional-chaining,no-unused-vars,no-useless-catch,eqeqeq,prefer-const,require-yield,no-global-assign,no-caller,no-process-env,complexity,max-nested-callbacks,handle-callback-err,getter-return,no-async-promise-executor,no-case-declarations,no-compare-neg-zero,no-cond-assign,no-const-assign,no-constant-condition,no-control-regex,no-delete-var,no-dupe-args,no-dupe-class-members,no-dupe-else-if,no-dupe-keys,no-duplicate-case,no-empty,no-empty-character-class,no-empty-pattern,no-ex-assign,no-extra-boolean-cast,no-extra-semi,no-fallthrough,no-func-assign,no-import-assign,no-inner-declarations,no-invalid-regexp,no-irregular-whitespace,no-loss-of-precision,no-misleading-character-class,no-mixed-spaces-and-tabs,no-nonoctal-decimal-escape,no-obj-calls,no-octal,no-prototype-builtins,no-regex-spaces,no-sparse-arrays,no-unexpected-multiline,no-unsafe-negation,no-unused-labels,no-useless-backreference,no-useless-escape,no-with,use-isnan,no-unpkg-cdn,no-proxy-requests,no-unhandled-promise,no-logging-rejections,no-non-client-request-model,no-deprecated-apis,no-cross-scope-assign,no-empty-function
2026-08-10 17:44:00.790 +0530 [debug] (lint.js) Running the following lints on the file app/scripts/ticket_sidebar.js : no-eval,no-alert,no-debugger,no-unreachable,no-duplicate-imports,constructor-super,for-direction,no-class-assign,no-new-native-nonconstructor,valid-typeof,no-eq-null,no-var,require-await,no-unreachable-loop,no-redeclare,no-self-assign,no-setter-return,no-shadow-restricted-names,no-this-before-super,no-unsafe-finally,no-unsafe-optional-chaining,no-unused-vars,no-useless-catch,eqeqeq,prefer-const,require-yield,no-global-assign,no-caller,no-process-env,complexity,max-nested-callbacks,handle-callback-err,getter-return,no-async-promise-executor,no-case-declarations,no-compare-neg-zero,no-cond-assign,no-const-assign,no-constant-condition,no-control-regex,no-delete-var,no-dupe-args,no-dupe-class-members,no-dupe-else-if,no-dupe-keys,no-duplicate-case,no-empty,no-empty-character-class,no-empty-pattern,no-ex-assign,no-extra-boolean-cast,no-extra-semi,no-fallthrough,no-func-assign,no-import-assign,no-inner-declarations,no-invalid-regexp,no-irregular-whitespace,no-loss-of-precision,no-misleading-character-class,no-mixed-spaces-and-tabs,no-nonoctal-decimal-escape,no-obj-calls,no-octal,no-prototype-builtins,no-regex-spaces,no-sparse-arrays,no-unexpected-multiline,no-unsafe-negation,no-unused-labels,no-useless-backreference,no-useless-escape,no-with,use-isnan,no-unpkg-cdn,no-proxy-requests,no-unhandled-promise,no-logging-rejections,no-non-client-request-model,no-deprecated-apis,no-cross-scope-assign,no-empty-function
2026-08-10 17:44:00.819 +0530 [debug] (lint.js) Running the following lints on the file server/server.js : no-eval,no-alert,no-debugger,no-unreachable,no-duplicate-imports,constructor-super,for-direction,no-class-assign,no-new-native-nonconstructor,valid-typeof,no-eq-null,no-var,require-await,no-unreachable-loop,no-redeclare,no-self-assign,no-setter-return,no-shadow-restricted-names,no-this-before-super,no-unsafe-finally,no-unsafe-optional-chaining,no-unused-vars,no-useless-catch,eqeqeq,prefer-const,require-yield,no-global-assign,no-caller,no-process-env,complexity,max-nested-callbacks,handle-callback-err,getter-return,no-async-promise-executor,no-case-declarations,no-compare-neg-zero,no-cond-assign,no-const-assign,no-constant-condition,no-control-regex,no-delete-var,no-dupe-args,no-dupe-class-members,no-dupe-else-if,no-dupe-keys,no-duplicate-case,no-empty,no-empty-character-class,no-empty-pattern,no-ex-assign,no-extra-boolean-cast,no-extra-semi,no-fallthrough,no-func-assign,no-import-assign,no-inner-declarations,no-invalid-regexp,no-irregular-whitespace,no-loss-of-precision,no-misleading-character-class,no-mixed-spaces-and-tabs,no-nonoctal-decimal-escape,no-obj-calls,no-octal,no-prototype-builtins,no-regex-spaces,no-sparse-arrays,no-unexpected-multiline,no-unsafe-negation,no-unused-labels,no-useless-backreference,no-useless-escape,no-with,use-isnan,no-unpkg-cdn,no-proxy-requests,no-unhandled-promise,no-logging-rejections,no-non-client-request-model,no-deprecated-apis,no-dependency-mismatch,no-empty-function
2026-08-10 17:44:00.879 +0530 [debug] (lint.js) Running the following lints on the file config/assets/iparams.js : no-unpkg-cdn,no-proxy-requests,no-logging-rejections
2026-08-10 17:44:00.904 +0530 [debug] (validate.js) running validator manifest
2026-08-10 17:44:00.904 +0530 [debug] (validate.js) running validator manifest-dependency
2026-08-10 17:44:00.904 +0530 [debug] (validate.js) running validator oauth
2026-08-10 17:44:00.904 +0530 [debug] (validate.js) skipping validator pkgsize
2026-08-10 17:44:00.904 +0530 [debug] (validate.js) skipping validator schema
2026-08-10 17:44:00.904 +0530 [debug] (validate.js) running validator version-check
2026-08-10 17:44:00.904 +0530 [debug] (validate.js) running validator app-settings
2026-08-10 17:44:00.910 +0530 [debug] (event.js) Found ["onAppInstall","afterAppUpdate","onAppUninstall","onExternalEvent","onScheduledEvent","getDashboardData","getSidebarData","persistPrestaShopStoresSecurely","reconnectPrestaShopSync","getPrestaShopOrderNotes","addPrestaShopOrderNote","applyPrestaShopOrderCoupon","refundPrestaShopOrder","cancelPrestaShopOrder","updatePrestaShopOrderShipping","handleTicketUpdate","handleConversationCreate"] as exported functions.
2026-08-10 17:44:00.910 +0530 [debug] (manifest.js) Validating function getDashboardData
2026-08-10 17:44:00.910 +0530 [debug] (http.js) Failed to parse URL: https://<%= context.domain %>, error: Invalid URL
2026-08-10 17:44:00.911 +0530 [debug] (manifest.js) Validating function getSidebarData
2026-08-10 17:44:00.911 +0530 [debug] (requests.js) validating request template for "verify_prestashop_store_live"
2026-08-10 17:44:00.911 +0530 [debug] (manifest.js) Validating function persistPrestaShopStoresSecurely
2026-08-10 17:44:00.911 +0530 [debug] (http.js) Failed to parse URL: https://<%= context.store_host %>, error: Invalid URL
2026-08-10 17:44:00.911 +0530 [debug] (manifest.js) Validating function reconnectPrestaShopSync
2026-08-10 17:44:00.911 +0530 [debug] (requests.js) validating request template for "freshdesk_get_live"
2026-08-10 17:44:00.911 +0530 [debug] (manifest.js) Validating function getPrestaShopOrderNotes
2026-08-10 17:44:00.911 +0530 [debug] (http.js) Failed to parse URL: https://<%= context.domain %>, error: Invalid URL
2026-08-10 17:44:00.911 +0530 [debug] (manifest.js) Validating function addPrestaShopOrderNote
2026-08-10 17:44:00.911 +0530 [debug] (requests.js) validating request template for "freshdesk_post_live"
2026-08-10 17:44:00.911 +0530 [debug] (manifest.js) Validating function applyPrestaShopOrderCoupon
2026-08-10 17:44:00.911 +0530 [debug] (http.js) Failed to parse URL: https://<%= context.domain %>, error: Invalid URL
2026-08-10 17:44:00.911 +0530 [debug] (manifest.js) Validating function refundPrestaShopOrder
2026-08-10 17:44:00.911 +0530 [debug] (requests.js) validating request template for "freshdesk_put_live"
2026-08-10 17:44:00.911 +0530 [debug] (manifest.js) Validating function cancelPrestaShopOrder
2026-08-10 17:44:00.911 +0530 [debug] (http.js) Failed to parse URL: https://<%= context.domain %>, error: Invalid URL
2026-08-10 17:44:00.911 +0530 [debug] (manifest.js) Validating function updatePrestaShopOrderShipping
2026-08-10 17:44:00.911 +0530 [debug] (requests.js) validating request template for "prestashop_get_live"
2026-08-10 17:44:00.911 +0530 [debug] (http.js) Failed to parse URL: https://<%= context.store_host %>, error: Invalid URL
2026-08-10 17:44:00.911 +0530 [debug] (requests.js) validating request template for "prestashop_post_live"
2026-08-10 17:44:00.912 +0530 [debug] (http.js) Failed to parse URL: https://<%= context.store_host %>, error: Invalid URL
2026-08-10 17:44:00.912 +0530 [debug] (requests.js) validating request template for "prestashop_put_live"
2026-08-10 17:44:00.912 +0530 [debug] (http.js) Failed to parse URL: https://<%= context.domain %>, error: Invalid URL
2026-08-10 17:44:00.912 +0530 [debug] (http.js) Failed to parse URL: https://<%= context.store_host %>, error: Invalid URL
2026-08-10 17:44:00.912 +0530 [debug] (request.js) Checking request template for multi-oauth app
2026-08-10 17:44:00.912 +0530 [debug] (requests.js) validating request template for "prestashop_delete_live"
2026-08-10 17:44:00.912 +0530 [debug] (http.js) Failed to parse URL: https://<%= context.store_host %>, error: Invalid URL
2026-08-10 17:44:00.912 +0530 [debug] (http.js) Failed to parse URL: https://<%= context.store_host %>, error: Invalid URL
2026-08-10 17:44:00.912 +0530 [debug] (request.js) Checking request template for multi-oauth app
2026-08-10 17:44:00.913 +0530 [debug] (http.js) Failed to parse URL: https://<%= context.domain %>, error: Invalid URL
2026-08-10 17:44:00.913 +0530 [debug] (request.js) Checking request template for multi-oauth app
2026-08-10 17:44:00.913 +0530 [debug] (http.js) Failed to parse URL: https://<%= context.domain %>, error: Invalid URL
2026-08-10 17:44:00.913 +0530 [debug] (request.js) Checking request template for multi-oauth app
2026-08-10 17:44:00.913 +0530 [debug] (http.js) Failed to parse URL: https://<%= context.domain %>, error: Invalid URL
2026-08-10 17:44:00.913 +0530 [debug] (request.js) Checking request template for multi-oauth app
2026-08-10 17:44:00.913 +0530 [debug] (http.js) Failed to parse URL: https://<%= context.store_host %>, error: Invalid URL
2026-08-10 17:44:00.913 +0530 [debug] (request.js) Checking request template for multi-oauth app
2026-08-10 17:44:00.913 +0530 [debug] (http.js) Failed to parse URL: https://<%= context.store_host %>, error: Invalid URL
2026-08-10 17:44:00.913 +0530 [debug] (request.js) Checking request template for multi-oauth app
2026-08-10 17:44:00.913 +0530 [debug] (http.js) Failed to parse URL: https://<%= context.store_host %>, error: Invalid URL
2026-08-10 17:44:00.913 +0530 [debug] (request.js) Checking request template for multi-oauth app
2026-08-10 17:44:00.913 +0530 [debug] (http.js) Failed to parse URL: https://<%= context.store_host %>, error: Invalid URL
2026-08-10 17:44:00.913 +0530 [debug] (request.js) Checking request template for multi-oauth app
2026-08-10 17:44:00.914 +0530 [warn] Please ensure that the following are addressed for quick review process:
2026-08-10 17:44:00.914 +0530 [warn] [33m⚠[39m app/scripts/app.js::28: 'client' declared and assigned in different scopes. Possible asynchronous race condition.
2026-08-10 17:44:00.914 +0530 [warn] [33m⚠[39m app/scripts/app.js::92: Function 'render' has a complexity of 8. Maximum allowed is 7.
2026-08-10 17:44:00.914 +0530 [warn] [33m⚠[39m app/scripts/app.js::170: Function 'parseInvokeResponse' has a complexity of 9. Maximum allowed is 7.
2026-08-10 17:44:00.914 +0530 [warn] [33m⚠[39m app/scripts/dashboard.js::35: 'client' declared and assigned in different scopes. Possible asynchronous race condition.
2026-08-10 17:44:00.914 +0530 [warn] [33m⚠[39m app/scripts/dashboard.js::102: Function 'render' has a complexity of 17. Maximum allowed is 7.
2026-08-10 17:44:00.914 +0530 [warn] [33m⚠[39m app/scripts/dashboard.js::151: Arrow function has a complexity of 8. Maximum allowed is 7.
2026-08-10 17:44:00.914 +0530 [warn] [33m⚠[39m app/scripts/dashboard.js::177: Arrow function has a complexity of 9. Maximum allowed is 7.
2026-08-10 17:44:00.914 +0530 [warn] [33m⚠[39m app/scripts/dashboard.js::224: Function 'parseInvokeResponse' has a complexity of 9. Maximum allowed is 7.
2026-08-10 17:44:00.914 +0530 [warn] [33m⚠[39m app/scripts/order_action_modal.js::30: 'client' declared and assigned in different scopes. Possible asynchronous race condition.
2026-08-10 17:44:00.914 +0530 [warn] [33m⚠[39m app/scripts/order_action_modal.js::32: 'modalData' declared and assigned in different scopes. Possible asynchronous race condition.
2026-08-10 17:44:00.914 +0530 [warn] [33m⚠[39m app/scripts/order_action_modal.js::33: 'selectedOrder' declared and assigned in different scopes. Possible asynchronous race condition.
2026-08-10 17:44:00.914 +0530 [warn] [33m⚠[39m app/scripts/order_action_modal.js::34: 'selectedMode' declared and assigned in different scopes. Possible asynchronous race condition.
2026-08-10 17:44:00.914 +0530 [warn] [33m⚠[39m app/scripts/order_action_modal.js::74: Function 'renderModal' has a complexity of 8. Maximum allowed is 7.
2026-08-10 17:44:00.914 +0530 [warn] [33m⚠[39m app/scripts/order_action_modal.js::105: Function 'populateRefundForm' has a complexity of 11. Maximum allowed is 7.
2026-08-10 17:44:00.914 +0530 [warn] [33m⚠[39m app/scripts/order_action_modal.js::126: Function 'renderRefundItemRow' has a complexity of 12. Maximum allowed is 7.
2026-08-10 17:44:00.914 +0530 [warn] [33m⚠[39m app/scripts/order_action_modal.js::269: Async function 'notifySidebar' has a complexity of 8. Maximum allowed is 7.
2026-08-10 17:44:00.914 +0530 [warn] [33m⚠[39m app/scripts/order_action_modal.js::377: 'submitting' declared and assigned in different scopes. Possible asynchronous race condition.
2026-08-10 17:44:00.914 +0530 [warn] [33m⚠[39m app/scripts/runtime.js::67: 'client' declared and assigned in different scopes. Possible asynchronous race condition.
2026-08-10 17:44:00.914 +0530 [warn] [33m⚠[39m app/scripts/runtime.js::520: Async function 'applyRules' has a complexity of 24. Maximum allowed is 7.
2026-08-10 17:44:00.914 +0530 [warn] [33m⚠[39m app/scripts/runtime.js::885: Arrow function has a complexity of 14. Maximum allowed is 7.
2026-08-10 17:44:00.914 +0530 [warn] [33m⚠[39m app/scripts/runtime.js::941: Async function 'applyFieldOptions' has a complexity of 26. Maximum allowed is 7.
2026-08-10 17:44:00.914 +0530 [warn] [33m⚠[39m app/scripts/runtime.js::1118: Async function 'runPostSetOptionsPayloads' has a complexity of 11. Maximum allowed is 7.
2026-08-10 17:44:00.914 +0530 [warn] [33m⚠[39m app/scripts/runtime.js::1328: Arrow function has a complexity of 11. Maximum allowed is 7.
2026-08-10 17:44:00.914 +0530 [warn] [33m⚠[39m app/scripts/runtime.js::1364: Async function 'resolveAvailableOptions' has a complexity of 10. Maximum allowed is 7.
2026-08-10 17:44:00.914 +0530 [warn] [33m⚠[39m app/scripts/runtime.js::1416: possible deprecated API usage detected
2026-08-10 17:44:00.914 +0530 [warn] [33m⚠[39m app/scripts/runtime.js::1423: Function 'resolveDependentHierarchyOptionRecords' has a complexity of 14. Maximum allowed is 7.
2026-08-10 17:44:00.914 +0530 [warn] [33m⚠[39m app/scripts/runtime.js::1470: Arrow function has a complexity of 9. Maximum allowed is 7.
2026-08-10 17:44:00.914 +0530 [warn] [33m⚠[39m app/scripts/runtime.js::1507: Function 'choiceNodeMatchesHiddenValue' has a complexity of 11. Maximum allowed is 7.
2026-08-10 17:44:00.915 +0530 [warn] [33m⚠[39m app/scripts/runtime.js::1568: Function 'buildDependentOptionPayload' has a complexity of 11. Maximum allowed is 7.
2026-08-10 17:44:00.915 +0530 [warn] [33m⚠[39m app/scripts/runtime.js::1921: Function 'getDependentRootOptionValues' has a complexity of 8. Maximum allowed is 7.
2026-08-10 17:44:00.915 +0530 [warn] [33m⚠[39m app/scripts/runtime.js::1945: Function 'getDependentRootElementId' has a complexity of 8. Maximum allowed is 7.
2026-08-10 17:44:00.915 +0530 [warn] [33m⚠[39m app/scripts/runtime.js::1971: Arrow function has a complexity of 8. Maximum allowed is 7.
2026-08-10 17:44:00.915 +0530 [warn] [33m⚠[39m app/scripts/runtime.js::1995: Function 'resolveOptionPayloadStrategies' has a complexity of 8. Maximum allowed is 7.
2026-08-10 17:44:00.915 +0530 [warn] [33m⚠[39m app/scripts/runtime.js::2114: Function 'logDependentTrace' has a complexity of 9. Maximum allowed is 7.
2026-08-10 17:44:00.915 +0530 [warn] [33m⚠[39m app/scripts/runtime.js::2223: Function 'extractObjectValue' has a complexity of 22. Maximum allowed is 7.
2026-08-10 17:44:00.915 +0530 [warn] [33m⚠[39m app/scripts/runtime.js::2305: Function 'parseInvokeResponse' has a complexity of 9. Maximum allowed is 7.
2026-08-10 17:44:00.915 +0530 [warn] [33m⚠[39m app/scripts/ticket_sidebar.js::49: 'client' declared and assigned in different scopes. Possible asynchronous race condition.
2026-08-10 17:44:00.915 +0530 [warn] [33m⚠[39m app/scripts/ticket_sidebar.js::170: Async function 'loadSidebar' has a complexity of 14. Maximum allowed is 7.
2026-08-10 17:44:00.915 +0530 [warn] [33m⚠[39m app/scripts/ticket_sidebar.js::252: Function 'normalizeTicket' has a complexity of 41. Maximum allowed is 7.
2026-08-10 17:44:00.915 +0530 [warn] [33m⚠[39m app/scripts/ticket_sidebar.js::290: Function 'normalizeRequesterData' has a complexity of 20. Maximum allowed is 7.
2026-08-10 17:44:00.915 +0530 [warn] [33m⚠[39m app/scripts/ticket_sidebar.js::399: Function 'buildCustomerEmptyState' has a complexity of 9. Maximum allowed is 7.
2026-08-10 17:44:00.915 +0530 [warn] [33m⚠[39m app/scripts/ticket_sidebar.js::418: Function 'renderHeaderCustomer' has a complexity of 8. Maximum allowed is 7.
2026-08-10 17:44:00.915 +0530 [warn] [33m⚠[39m app/scripts/ticket_sidebar.js::450: Function 'renderCustomerCard' has a complexity of 14. Maximum allowed is 7.
2026-08-10 17:44:00.915 +0530 [warn] [33m⚠[39m app/scripts/ticket_sidebar.js::533: Arrow function has a complexity of 9. Maximum allowed is 7.
2026-08-10 17:44:00.915 +0530 [warn] [33m⚠[39m app/scripts/ticket_sidebar.js::551: Arrow function has a complexity of 12. Maximum allowed is 7.
2026-08-10 17:44:00.915 +0530 [warn] [33m⚠[39m app/scripts/ticket_sidebar.js::567: Function 'renderOrderCard' has a complexity of 22. Maximum allowed is 7.
2026-08-10 17:44:00.915 +0530 [warn] [33m⚠[39m app/scripts/ticket_sidebar.js::700: Function 'renderOrderActions' has a complexity of 28. Maximum allowed is 7.
2026-08-10 17:44:00.915 +0530 [warn] [33m⚠[39m app/scripts/ticket_sidebar.js::757: Function 'renderActiveOrderPanel' has a complexity of 36. Maximum allowed is 7.
2026-08-10 17:44:00.915 +0530 [warn] [33m⚠[39m app/scripts/ticket_sidebar.js::919: Function 'renderOrderNote' has a complexity of 9. Maximum allowed is 7.
2026-08-10 17:44:00.915 +0530 [warn] [33m⚠[39m app/scripts/ticket_sidebar.js::931: Function 'renderLineItemCard' has a complexity of 10. Maximum allowed is 7.
2026-08-10 17:44:00.915 +0530 [warn] [33m⚠[39m app/scripts/ticket_sidebar.js::976: Function 'shouldCollapseEmptySection' has a complexity of 12. Maximum allowed is 7.
2026-08-10 17:44:00.915 +0530 [warn] [33m⚠[39m app/scripts/ticket_sidebar.js::1022: Async function 'handleOrderActionClick' has a complexity of 38. Maximum allowed is 7.
2026-08-10 17:44:00.915 +0530 [warn] [33m⚠[39m app/scripts/ticket_sidebar.js::1188: Function 'handleInstanceMessages' has a complexity of 14. Maximum allowed is 7.
2026-08-10 17:44:00.915 +0530 [warn] [33m⚠[39m app/scripts/ticket_sidebar.js::1422: Function 'parseInvokeResponse' has a complexity of 9. Maximum allowed is 7.
2026-08-10 17:44:00.927 +0530 [warn] [33m⚠[39m server/server.js::19: Function 'parseArgs' has a complexity of 10. Maximum allowed is 7.
2026-08-10 17:44:00.927 +0530 [warn] [33m⚠[39m server/server.js::172: Function 'formatApiErrorDetail' has a complexity of 11. Maximum allowed is 7.
2026-08-10 17:44:00.927 +0530 [warn] [33m⚠[39m server/server.js::183: Arrow function has a complexity of 10. Maximum allowed is 7.
2026-08-10 17:44:00.927 +0530 [warn] [33m⚠[39m server/server.js::216: Async function 'invokeTemplate' has a complexity of 20. Maximum allowed is 7.
2026-08-10 17:44:00.927 +0530 [warn] [33m⚠[39m server/server.js::409: Function 'normalizePrestaShopStoreRecord' has a complexity of 18. Maximum allowed is 7.
2026-08-10 17:44:00.927 +0530 [warn] [33m⚠[39m server/server.js::462: Function 'getPrestaShopFeatureFlags' has a complexity of 10. Maximum allowed is 7.
2026-08-10 17:44:00.927 +0530 [warn] [33m⚠[39m server/server.js::480: Function 'buildPrestaShopFeatureItems' has a complexity of 11. Maximum allowed is 7.
2026-08-10 17:44:00.927 +0530 [warn] [33m⚠[39m server/server.js::546: possible deprecated API usage detected
2026-08-10 17:44:00.927 +0530 [warn] [33m⚠[39m server/server.js::554: possible deprecated API usage detected
2026-08-10 17:44:00.927 +0530 [warn] [33m⚠[39m server/server.js::869: Async function 'schedulePrestaShopOrderTicketRetry' has a complexity of 9. Maximum allowed is 7.
2026-08-10 17:44:00.927 +0530 [warn] [33m⚠[39m server/server.js::1010: Function 'buildPrestaShopApiPath' has a complexity of 8. Maximum allowed is 7.
2026-08-10 17:44:00.927 +0530 [warn] [33m⚠[39m server/server.js::1088: Async function 'installPrestaShopExtensionWebhooksForStores' has a complexity of 8. Maximum allowed is 7.
2026-08-10 17:44:00.927 +0530 [warn] [33m⚠[39m server/server.js::1173: Async function 'fetchFreshdeskRequesterEmail' has a complexity of 13. Maximum allowed is 7.
2026-08-10 17:44:00.927 +0530 [warn] [33m⚠[39m server/server.js::1184: Async function 'fetchFreshdeskTicketRequesterEmail' has a complexity of 31. Maximum allowed is 7.
2026-08-10 17:44:00.927 +0530 [warn] [33m⚠[39m server/server.js::1289: Function 'normalizeAddress' has a complexity of 20. Maximum allowed is 7.
2026-08-10 17:44:00.927 +0530 [warn] [33m⚠[39m server/server.js::1334: Function 'mergePrestaShopOrderPayload' has a complexity of 12. Maximum allowed is 7.
2026-08-10 17:44:00.927 +0530 [warn] [33m⚠[39m server/server.js::1349: Arrow function has a complexity of 11. Maximum allowed is 7.
2026-08-10 17:44:00.927 +0530 [warn] [33m⚠[39m server/server.js::1409: Function 'normalizePrestaShopGroupName' has a complexity of 8. Maximum allowed is 7.
2026-08-10 17:44:00.927 +0530 [warn] [33m⚠[39m server/server.js::1418: Function 'getPrestaShopCustomerTotalSpent' has a complexity of 11. Maximum allowed is 7.
2026-08-10 17:44:00.927 +0530 [warn] [33m⚠[39m server/server.js::1441: Function 'normalizeCustomerRecord' has a complexity of 40. Maximum allowed is 7.
2026-08-10 17:44:00.927 +0530 [warn] [33m⚠[39m server/server.js::1490: Async function 'fetchPrestaShopCustomerGroupName' has a complexity of 8. Maximum allowed is 7.
2026-08-10 17:44:00.927 +0530 [warn] [33m⚠[39m server/server.js::1531: Function 'getOrderShippingAddress' has a complexity of 9. Maximum allowed is 7.
2026-08-10 17:44:00.927 +0530 [warn] [33m⚠[39m server/server.js::1539: Function 'getOrderShippingMethod' has a complexity of 9. Maximum allowed is 7.
2026-08-10 17:44:00.927 +0530 [warn] [33m⚠[39m server/server.js::1563: Function 'normalizeProductOptionRecord' has a complexity of 10. Maximum allowed is 7.
2026-08-10 17:44:00.927 +0530 [warn] [33m⚠[39m server/server.js::1573: Function 'normalizeProductOption' has a complexity of 10. Maximum allowed is 7.
2026-08-10 17:44:00.927 +0530 [warn] [33m⚠[39m server/server.js::1591: Function 'normalizeOrderLineItem' has a complexity of 19. Maximum allowed is 7.
2026-08-10 17:44:00.927 +0530 [warn] [33m⚠[39m server/server.js::1628: Function 'buildCarrierTrackingUrl' has a complexity of 13. Maximum allowed is 7.
2026-08-10 17:44:00.927 +0530 [warn] [33m⚠[39m server/server.js::1651: Function 'normalizeShipmentTrack' has a complexity of 25. Maximum allowed is 7.
2026-08-10 17:44:00.927 +0530 [warn] [33m⚠[39m server/server.js::1727: Function 'buildOrderActionAvailability' has a complexity of 9. Maximum allowed is 7.
2026-08-10 17:44:00.927 +0530 [warn] [33m⚠[39m server/server.js::1786: Function 'hasPrestaShopShippingAddress' has a complexity of 8. Maximum allowed is 7.
2026-08-10 17:44:00.927 +0530 [warn] [33m⚠[39m server/server.js::1795: Function 'normalizeOrderRecord' has a complexity of 61. Maximum allowed is 7.
2026-08-10 17:44:00.927 +0530 [warn] [33m⚠[39m server/server.js::1867: Function 'normalizeGuestCustomerFromOrder' has a complexity of 10. Maximum allowed is 7.
2026-08-10 17:44:00.927 +0530 [warn] [33m⚠[39m server/server.js::1897: Function 'buildSearchQuery' has a complexity of 9. Maximum allowed is 7.
2026-08-10 17:44:00.927 +0530 [warn] [33m⚠[39m server/server.js::1941: Function 'buildOrderSearchText' has a complexity of 8. Maximum allowed is 7.
2026-08-10 17:44:00.927 +0530 [warn] [33m⚠[39m server/server.js::2002: Async function 'searchStoreOrders' has a complexity of 9. Maximum allowed is 7.
2026-08-10 17:44:00.927 +0530 [warn] [33m⚠[39m server/server.js::2135: Function 'storeHasRegisteredCustomerEmail' has a complexity of 9. Maximum allowed is 7.
2026-08-10 17:44:00.927 +0530 [warn] [33m⚠[39m server/server.js::2184: Arrow function has a complexity of 10. Maximum allowed is 7.
2026-08-10 17:44:00.927 +0530 [warn] [33m⚠[39m server/server.js::2211: Arrow function has a complexity of 12. Maximum allowed is 7.
2026-08-10 17:44:00.927 +0530 [warn] [33m⚠[39m server/server.js::2235: Async function 'finalizePrestaShopSidebarData' has a complexity of 8. Maximum allowed is 7.
2026-08-10 17:44:00.927 +0530 [warn] [33m⚠[39m server/server.js::2275: Async function 'collectGlobalPrestaShopSearchData' has a complexity of 9. Maximum allowed is 7.
2026-08-10 17:44:00.927 +0530 [warn] [33m⚠[39m server/server.js::2331: Async function 'collectPrestaShopSidebarData' has a complexity of 26. Maximum allowed is 7.
2026-08-10 17:44:00.927 +0530 [warn] [33m⚠[39m server/server.js::2560: Function 'buildFreshdeskContactPayloadFromPrestaShopCustomer' has a complexity of 10. Maximum allowed is 7.
2026-08-10 17:44:00.927 +0530 [warn] [33m⚠[39m server/server.js::2609: Function 'normalizeFreshdeskDefaultPayloadValue' has a complexity of 9. Maximum allowed is 7.
2026-08-10 17:44:00.927 +0530 [warn] [33m⚠[39m server/server.js::2653: Arrow function has a complexity of 8. Maximum allowed is 7.
2026-08-10 17:44:00.927 +0530 [warn] [33m⚠[39m server/server.js::2688: Function 'getFreshdeskMissingCustomFieldFallback' has a complexity of 8. Maximum allowed is 7.
2026-08-10 17:44:00.927 +0530 [warn] [33m⚠[39m server/server.js::2715: Arrow function has a complexity of 9. Maximum allowed is 7.
2026-08-10 17:44:00.927 +0530 [warn] [33m⚠[39m server/server.js::2756: Async function 'syncFreshdeskContactForPrestaShopCustomer' has a complexity of 16. Maximum allowed is 7.
2026-08-10 17:44:00.927 +0530 [warn] [33m⚠[39m server/server.js::2826: Function 'buildOrderCreatedTicketDescription' has a complexity of 9. Maximum allowed is 7.
2026-08-10 17:44:00.927 +0530 [warn] [33m⚠[39m server/server.js::2852: Async function 'createFreshdeskTicketForPrestaShopEvent' has a complexity of 12. Maximum allowed is 7.
2026-08-10 17:44:00.927 +0530 [warn] [33m⚠[39m server/server.js::2882: Async function 'processPrestaShopCustomerEvent' has a complexity of 13. Maximum allowed is 7.
2026-08-10 17:44:00.928 +0530 [warn] [33m⚠[39m server/server.js::2908: Async function 'processPrestaShopOrderCreatedEvent' has a complexity of 35. Maximum allowed is 7.
2026-08-10 17:44:00.928 +0530 [warn] [33m⚠[39m server/server.js::3065: Function 'buildExternalEventPayloadDiagnostics' has a complexity of 17. Maximum allowed is 7.
2026-08-10 17:44:00.928 +0530 [warn] [33m⚠[39m server/server.js::3156: Function 'buildPrestaShopExtensionShippingPayload' has a complexity of 12. Maximum allowed is 7.
2026-08-10 17:44:00.928 +0530 [warn] [33m⚠[39m server/server.js::3241: Async method 'onExternalEvent' has a complexity of 40. Maximum allowed is 7.
2026-08-10 17:44:00.928 +0530 [warn] [33m⚠[39m server/server.js::3297: Async method 'onScheduledEvent' has a complexity of 8. Maximum allowed is 7.
2026-08-10 17:44:00.928 +0530 [warn] 
[1mYour app might be using one or more API endpoints that will be deprecated soon. Please go through the deprecation notice (https://community.freshworks.dev/t/freshservice-rest-api-v1-deprecation-notice/5899) to find alternate resources.[0m
2026-08-10 17:44:00.928 +0530 [warn] 
2026-08-10 17:44:00.928 +0530 [info] App being packed in Node v24.11.1 using FDK 10.0.1
2026-08-10 17:44:00.928 +0530 [debug] (report.js) Generating hash for report.json file
2026-08-10 17:44:00.928 +0530 [debug] (data.js) Read {"report_hash":"75b58e6401310f60f38ab83d181a486140687665266e531139f8b0f0b494e74d","try_ag_101_101_migrate_oauth_status":true,"try_ag_101_101_modules":{"try_ag_101_101_system_settings":{"currentHost":{"endpoint_urls":{"freshdesk":"https://driveautomation-support.freshdesk.com"},"subscribed_modules":["support_ticket"]}},"try_ag_101_101_custom_iparams":{"domain":"driveautomation-help.freshdesk.com","api_key":"ZGlPajRKTkFqUHl5U3dUejVjeXQ6WA==","exception_statuses":["resolved","waiting_on_customer","waiting_on_third_party"]}},"try_ag_101_101_schedule_onScheduledEvent_modules":{"name":"onScheduledEvent","data":{"ticket_id":1,"subject":"Email address change","scheduled_time":1751717760000,"current_status":"6","assigned_to":{"id":null,"name":"Unassigned"},"created_by":{"id":1130000122217,"name":"Test Test"},"created_at":1751717337298},"schedule_at":"2025-07-05T12:16:00.000Z"},"try_ag_101_101_schedule_reopen_schedule_1_modules":{"name":"reopen_schedule_1","data":{"ticket_id":1,"subject":"Email address change","scheduled_time":1752048000000,"current_status":"2","created_by":{"id":1130000122217,"name":"Falcon Saas"}},"schedule_at":"2025-07-09T08:00:00.000Z","event":"onScheduledEvent"},"try-again:reopen_schedule_1_modules":{"ticket_id":1,"subject":"Email address change","scheduled_time":1752048000000,"current_status":"2","assigned_to":{"id":null,"name":"Unassigned"},"created_by":{"id":1130000122217,"name":"Falcon Saas"},"created_at":1752047511210,"createdAt":1752047511266,"updatedAt":1752047511266,"clientProduct":"freshdesk"},"try-again:reopen_schedule_keys_modules":{"0":"reopen_schedule_1","createdAt":1752047541785,"updatedAt":1752047541785,"clientProduct":"freshdesk"},"schedu_101_101_migrate_oauth_status":true}
2026-08-10 17:44:00.928 +0530 [debug] (report.js) Comparing the stored hash with report.json file hash
2026-08-10 17:44:00.929 +0530 [debug] (pack.js) Cannot find './visitor-app' directory while packing.
2026-08-10 17:44:00.929 +0530 [debug] (pack.js) Cannot find './src' directory while packing.
2026-08-10 17:44:00.930 +0530 [debug] (file.js) Computing digest for app/dashboard.html,app/icon.svg,app/index.html,app/order_action_modal.html,app/runtime.html,app/scripts/app.js,app/scripts/dashboard.js,app/scripts/order_action_modal.js,app/scripts/runtime.js,app/scripts/ticket_sidebar.js,app/ticket_sidebar.html,manifest.json.
2026-08-10 17:44:00.931 +0530 [debug] (pack.js) Packing ./app/dashboard.html
2026-08-10 17:44:00.933 +0530 [debug] (pack.js) Packing ./app/icon.svg
2026-08-10 17:44:00.934 +0530 [debug] (pack.js) Packing ./app/index.html
2026-08-10 17:44:00.935 +0530 [debug] (pack.js) Packing ./app/order_action_modal.html
2026-08-10 17:44:00.936 +0530 [debug] (pack.js) Packing ./app/runtime.html
2026-08-10 17:44:00.936 +0530 [debug] (pack.js) Packing ./app/scripts/app.js
2026-08-10 17:44:00.937 +0530 [debug] (pack.js) Packing ./app/scripts/dashboard.js
2026-08-10 17:44:00.938 +0530 [debug] (pack.js) Packing ./app/scripts/order_action_modal.js
2026-08-10 17:44:00.939 +0530 [debug] (pack.js) Packing ./app/scripts/runtime.js
2026-08-10 17:44:00.943 +0530 [debug] (pack.js) Packing ./app/scripts/ticket_sidebar.js
2026-08-10 17:44:00.949 +0530 [debug] (pack.js) Packing ./app/ticket_sidebar.html
2026-08-10 17:44:00.951 +0530 [debug] (pack.js) Packing ./server/server.js
2026-08-10 17:44:00.956 +0530 [debug] (pack.js) Packing ./config/assets/iparams.js
2026-08-10 17:44:00.958 +0530 [debug] (pack.js) Packing ./config/iparams.html
2026-08-10 17:44:00.958 +0530 [debug] (pack.js) Packing ./config/requests.json
2026-08-10 17:44:00.958 +0530 [debug] (pack.js) Packing ./manifest.json
2026-08-10 17:44:00.958 +0530 [debug] (pack.js) Packing ./.report.json
2026-08-10 17:44:00.958 +0530 [debug] (pack.js) Packing ./.meta.json
2026-08-10 17:44:00.958 +0530 [debug] (pack.js) Packing ./digest.md5
2026-08-10 17:44:00.969 +0530 [debug] (validate.js) asked to skip the following validations, 
2026-08-10 17:44:00.969 +0530 [debug] (validate.js) skipping validator actions
2026-08-10 17:44:00.969 +0530 [debug] (validate.js) skipping validator requests
2026-08-10 17:44:00.969 +0530 [debug] (validate.js) skipping validator app-dir
2026-08-10 17:44:00.969 +0530 [debug] (validate.js) skipping validator config-dir
2026-08-10 17:44:00.969 +0530 [debug] (validate.js) skipping validator custom-objects
2026-08-10 17:44:00.969 +0530 [debug] (validate.js) skipping validator event
2026-08-10 17:44:00.969 +0530 [debug] (validate.js) skipping validator iparam
2026-08-10 17:44:00.969 +0530 [debug] (validate.js) skipping validator lint
2026-08-10 17:44:00.969 +0530 [debug] (validate.js) skipping validator manifest
2026-08-10 17:44:00.970 +0530 [debug] (validate.js) skipping validator manifest-dependency
2026-08-10 17:44:00.970 +0530 [debug] (validate.js) skipping validator oauth
2026-08-10 17:44:00.970 +0530 [debug] (validate.js) running validator pkgsize
2026-08-10 17:44:00.970 +0530 [debug] (validate.js) skipping validator schema
2026-08-10 17:44:00.970 +0530 [debug] (validate.js) skipping validator version-check
2026-08-10 17:44:00.970 +0530 [debug] (validate.js) skipping validator app-settings
2026-08-10 17:44:00.970 +0530 [info] App packed successfully at /dist/PrestaConnector.zip
2026-08-10 17:44:00.970 +0530 [info] Upload this file to the marketplace by following the instructions at https://developers.freshworks.com/docs/app-sdk/v3.0/common/app-submission-process/
2026-08-10 17:44:00.970 +0530 [debug] (file.js) Deleting digest.
2026-08-10 17:44:00.978 +0530 [debug] (report.js) Generating hash for report.json file
2026-08-11 21:04:14.625 +0530 [debug] (configs.js) loaded default configs as "{"updates":{"manifest_url":"https://cdn.freshdev.io/assets/fdk/updates.json","changelog_url":"https://cdn.freshdev.io/assets/fdk/change-log.json","period":24},"log":{"level":"info"},"javascript":{"ecma_version":2020},"request":{"timeout":15000},"global_apps":{"enabled":true},"easel":{"enabled":false},"job":{"timeout":120000}}"
2026-08-11 21:04:14.628 +0530 [debug] (configs.js) loaded global configs as "{"request":{"timeout":15000},"global_apps":{"enabled":"true"},"job":{"timeout":120000}}"
2026-08-11 21:04:14.628 +0530 [debug] (configs.js) loaded local configs as "{"global_apps":{"enabled":"true"},"request":{"timeout":15000},"job":{"timeout":120000}}"
2026-08-11 21:04:14.629 +0530 [debug] (configs.js) loaded env configs as "{"updates":{},"log":{},"javascript":{},"request":{"timeout":15000},"job":{"timeout":120000}}"
2026-08-11 21:04:14.629 +0530 [debug] (configs.js) loaded resolved configs as "{"updates":{"manifest_url":"https://cdn.freshdev.io/assets/fdk/updates.json","changelog_url":"https://cdn.freshdev.io/assets/fdk/change-log.json","period":24},"log":{"level":"info"},"javascript":{"ecma_version":2020},"request":{"timeout":15000},"global_apps":{"enabled":"true"},"easel":{"enabled":false},"job":{"timeout":120000}}"
2026-08-11 21:04:14.629 +0530 [debug] (logger.js) Starting FDK in node v24.11.1 on darwin
2026-08-11 21:04:14.629 +0530 [debug] (sequelize.js) setting up sqilite at "/Users/akashram/Desktop/fw Projects/PrestaConnector/.fdk/store.sqlite"
2026-08-11 21:04:14.629 +0530 [debug] (data.js) Read {"version_details":{"cli":{"deprecated":{"version":"<9","message":"This FDK version has been deprecated. There will be no further feature updates to this version. For a seamless app-building experience, ensure to move to the latest FDK version. For more information, see https://developers.freshworks.com/docs/app-sdk/v2.3/freshdesk/migration-guide/#migrate-to-the-latest-platform-version."},"forced":{"version":"7.0.0","command":"npm install https://dl.freshdev.io/cli/fdk-7.0.0.tgz -g","message":"Your FDK version has been forced updated to v7.0.0, please visit https://community.developers.freshworks.com/t/fdk-v7-0-announcing-node-js-v12-and-es6-support/3606 to know more"},"latest":{"version":"10.1.9","command":"npm install https://cdn.freshdev.io/fdk/latest-v24.tgz -g","message":"You are on the latest FDK version. For information on the features available as part of this FDK version, see https://developers.freshworks.com/docs/?tab=modules."}},"addon":{"version":"2.2.9","url":"https://cdn.freshdev.io/assets/fdk/addons/addon.zip"}},"last_updated":{"time_stamp":1786446561575}}
2026-08-11 21:04:14.629 +0530 [debug] (updater.js) last check less than 24 hours ago, not looking for updates
2026-08-11 21:04:14.630 +0530 [debug] (index.js) running with opts {}
2026-08-11 21:04:14.638 +0530 [debug] (data.js) Read {"version_details":{"cli":{"deprecated":{"version":"<9","message":"This FDK version has been deprecated. There will be no further feature updates to this version. For a seamless app-building experience, ensure to move to the latest FDK version. For more information, see https://developers.freshworks.com/docs/app-sdk/v2.3/freshdesk/migration-guide/#migrate-to-the-latest-platform-version."},"forced":{"version":"7.0.0","command":"npm install https://dl.freshdev.io/cli/fdk-7.0.0.tgz -g","message":"Your FDK version has been forced updated to v7.0.0, please visit https://community.developers.freshworks.com/t/fdk-v7-0-announcing-node-js-v12-and-es6-support/3606 to know more"},"latest":{"version":"10.1.9","command":"npm install https://cdn.freshdev.io/fdk/latest-v24.tgz -g","message":"You are on the latest FDK version. For information on the features available as part of this FDK version, see https://developers.freshworks.com/docs/?tab=modules."}},"addon":{"version":"2.2.9","url":"https://cdn.freshdev.io/assets/fdk/addons/addon.zip"}},"last_updated":{"time_stamp":1786446561575}}
2026-08-11 21:04:14.640 +0530 [debug] (manifest.js) Reloading manifest with {"platform-version":"3.0","modules":{"common":{"location":{"full_page_app":{"url":"dashboard.html","icon":"icon.svg"}},"requests":{"verify_freshdesk_credentials":{},"verify_prestashop_store_live":{},"freshdesk_get_live":{},"freshdesk_post_live":{},"freshdesk_put_live":{},"prestashop_get_live":{},"prestashop_post_live":{},"prestashop_put_live":{},"prestashop_delete_live":{}},"events":{"onAppInstall":{"handler":"onAppInstall"},"afterAppUpdate":{"handler":"afterAppUpdate"},"onAppUninstall":{"handler":"onAppUninstall"},"onExternalEvent":{"handler":"onExternalEvent"},"onScheduledEvent":{"handler":"onScheduledEvent"}},"functions":{"getDashboardData":{},"getSidebarData":{},"persistPrestaShopStoresSecurely":{},"reconnectPrestaShopSync":{},"getPrestaShopOrderNotes":{},"addPrestaShopOrderNote":{},"applyPrestaShopOrderCoupon":{},"refundPrestaShopOrder":{},"cancelPrestaShopOrder":{},"updatePrestaShopOrderShipping":{}}},"support_ticket":{"events":{"onTicketUpdate":{"handler":"handleTicketUpdate"},"onConversationCreate":{"handler":"handleConversationCreate"}},"location":{"ticket_sidebar":{"url":"ticket_sidebar.html","icon":"icon.svg"}}}},"engines":{"node":"24.11.0","fdk":"10.0.1"},"app":{"tracking_id":"s9hytuyr897n65hk7927","start_time":"2025-06-07T14:05:19.420Z"}}.
2026-08-11 21:04:14.640 +0530 [debug] (manifest.js) Inferred db,backend as features.
2026-08-11 21:04:14.640 +0530 [debug] (data.js) Read {"version_details":{"cli":{"deprecated":{"version":"<9","message":"This FDK version has been deprecated. There will be no further feature updates to this version. For a seamless app-building experience, ensure to move to the latest FDK version. For more information, see https://developers.freshworks.com/docs/app-sdk/v2.3/freshdesk/migration-guide/#migrate-to-the-latest-platform-version."},"forced":{"version":"7.0.0","command":"npm install https://dl.freshdev.io/cli/fdk-7.0.0.tgz -g","message":"Your FDK version has been forced updated to v7.0.0, please visit https://community.developers.freshworks.com/t/fdk-v7-0-announcing-node-js-v12-and-es6-support/3606 to know more"},"latest":{"version":"10.1.9","command":"npm install https://cdn.freshdev.io/fdk/latest-v24.tgz -g","message":"You are on the latest FDK version. For information on the features available as part of this FDK version, see https://developers.freshworks.com/docs/?tab=modules."}},"addon":{"version":"2.2.9","url":"https://cdn.freshdev.io/assets/fdk/addons/addon.zip"}},"last_updated":{"time_stamp":1786446561575}}
2026-08-11 21:04:14.769 +0530 [debug] (coverage.js) INIT: About to merge initial coverage data with 3 files
2026-08-11 21:04:14.769 +0530 [debug] (coverage.js) INIT: After merge - Files in map: 3
2026-08-11 21:04:14.786 +0530 [debug] (index.js) Initializing AJV schemas from individual files
2026-08-11 21:04:14.786 +0530 [debug] (index.js) Compiling schemas...
2026-08-11 21:04:14.791 +0530 [debug] (index.js) All schemas compiled successfully
2026-08-11 21:04:14.936 +0530 [debug] (index.js) 'schema: ' [object Object]
2026-08-11 21:04:14.939 +0530 [debug] (index.js) 'schema: ' [object Object]
2026-08-11 21:04:14.939 +0530 [debug] (index.js) 'schema: ' [object Object]
2026-08-11 21:04:14.939 +0530 [debug] (index.js) 'schema: ' [object Object]
2026-08-11 21:04:14.940 +0530 [debug] (index.js) 'schema: ' [object Object]
2026-08-11 21:04:14.941 +0530 [debug] (index.js) 'schema: ' [object Object]
2026-08-11 21:04:14.941 +0530 [debug] (index.js) 'schema: ' [object Object]
2026-08-11 21:04:14.943 +0530 [debug] (index.js) 'schema: ' [object Object]
2026-08-11 21:04:14.943 +0530 [debug] (index.js) 'schema: ' [object Object]
2026-08-11 21:04:14.943 +0530 [debug] (index.js) 'schema: ' [object Object]
2026-08-11 21:04:14.946 +0530 [debug] (index.js) 'schema: ' [object Object]
2026-08-11 21:04:14.947 +0530 [debug] (index.js) 'schema: ' [object Object]
2026-08-11 21:04:14.948 +0530 [debug] (index.js) 'schema: ' [object Object]
2026-08-11 21:04:14.948 +0530 [debug] (index.js) 'schema: ' [object Object]
2026-08-11 21:04:14.948 +0530 [debug] (index.js) 'schema: ' [object Object]
2026-08-11 21:04:14.949 +0530 [debug] (index.js) 'schema: ' [object Object]
2026-08-11 21:04:14.949 +0530 [debug] (index.js) 'schema: ' [object Object]
2026-08-11 21:04:14.953 +0530 [debug] (index.js) 'schema: ' [object Object]
2026-08-11 21:04:15.158 +0530 [debug] (validate.js) asked to skip the following validations, 
2026-08-11 21:04:15.158 +0530 [debug] (validate.js) running validator actions
2026-08-11 21:04:15.158 +0530 [debug] (validate.js) running validator requests
2026-08-11 21:04:15.158 +0530 [debug] (requests.js) validating request template for "verify_freshdesk_credentials"
2026-08-11 21:04:15.159 +0530 [debug] (validate.js) running validator app-dir
2026-08-11 21:04:15.159 +0530 [debug] (validate.js) running validator config-dir
2026-08-11 21:04:15.159 +0530 [debug] (config-dir.js) Checking to see if /Users/akashram/Desktop/fw Projects/PrestaConnector/config/ exists.
2026-08-11 21:04:15.159 +0530 [debug] (config-dir.js) Fetched the following config files assets,iparams.html,requests.json
2026-08-11 21:04:15.159 +0530 [debug] (validate.js) running validator custom-objects
2026-08-11 21:04:15.159 +0530 [debug] (validate.js) running validator event
2026-08-11 21:04:15.174 +0530 [debug] (event.js) Found ["onAppInstall","afterAppUpdate","onAppUninstall","onExternalEvent","onScheduledEvent","getDashboardData","getSidebarData","persistPrestaShopStoresSecurely","reconnectPrestaShopSync","getPrestaShopOrderNotes","addPrestaShopOrderNote","applyPrestaShopOrderCoupon","refundPrestaShopOrder","cancelPrestaShopOrder","updatePrestaShopOrderShipping","handleTicketUpdate","handleConversationCreate"] as exported functions.
2026-08-11 21:04:15.174 +0530 [debug] (validate.js) running validator iparam
2026-08-11 21:04:15.184 +0530 [debug] (validate.js) running validator lint
2026-08-11 21:04:15.184 +0530 [debug] (lint.js) passed fix flag: undefined
2026-08-11 21:04:15.185 +0530 [debug] (lint.js) Running the following lints on the file app/scripts/app.js : no-eval,no-alert,no-debugger,no-unreachable,no-duplicate-imports,constructor-super,for-direction,no-class-assign,no-new-native-nonconstructor,valid-typeof,no-eq-null,no-var,require-await,no-unreachable-loop,no-redeclare,no-self-assign,no-setter-return,no-shadow-restricted-names,no-this-before-super,no-unsafe-finally,no-unsafe-optional-chaining,no-unused-vars,no-useless-catch,eqeqeq,prefer-const,require-yield,no-global-assign,no-caller,no-process-env,complexity,max-nested-callbacks,handle-callback-err,getter-return,no-async-promise-executor,no-case-declarations,no-compare-neg-zero,no-cond-assign,no-const-assign,no-constant-condition,no-control-regex,no-delete-var,no-dupe-args,no-dupe-class-members,no-dupe-else-if,no-dupe-keys,no-duplicate-case,no-empty,no-empty-character-class,no-empty-pattern,no-ex-assign,no-extra-boolean-cast,no-extra-semi,no-fallthrough,no-func-assign,no-import-assign,no-inner-declarations,no-invalid-regexp,no-irregular-whitespace,no-loss-of-precision,no-misleading-character-class,no-mixed-spaces-and-tabs,no-nonoctal-decimal-escape,no-obj-calls,no-octal,no-prototype-builtins,no-regex-spaces,no-sparse-arrays,no-unexpected-multiline,no-unsafe-negation,no-unused-labels,no-useless-backreference,no-useless-escape,no-with,use-isnan,no-unpkg-cdn,no-proxy-requests,no-unhandled-promise,no-logging-rejections,no-non-client-request-model,no-deprecated-apis,no-cross-scope-assign,no-empty-function
2026-08-11 21:04:15.245 +0530 [debug] (lint.js) Running the following lints on the file app/scripts/dashboard.js : no-eval,no-alert,no-debugger,no-unreachable,no-duplicate-imports,constructor-super,for-direction,no-class-assign,no-new-native-nonconstructor,valid-typeof,no-eq-null,no-var,require-await,no-unreachable-loop,no-redeclare,no-self-assign,no-setter-return,no-shadow-restricted-names,no-this-before-super,no-unsafe-finally,no-unsafe-optional-chaining,no-unused-vars,no-useless-catch,eqeqeq,prefer-const,require-yield,no-global-assign,no-caller,no-process-env,complexity,max-nested-callbacks,handle-callback-err,getter-return,no-async-promise-executor,no-case-declarations,no-compare-neg-zero,no-cond-assign,no-const-assign,no-constant-condition,no-control-regex,no-delete-var,no-dupe-args,no-dupe-class-members,no-dupe-else-if,no-dupe-keys,no-duplicate-case,no-empty,no-empty-character-class,no-empty-pattern,no-ex-assign,no-extra-boolean-cast,no-extra-semi,no-fallthrough,no-func-assign,no-import-assign,no-inner-declarations,no-invalid-regexp,no-irregular-whitespace,no-loss-of-precision,no-misleading-character-class,no-mixed-spaces-and-tabs,no-nonoctal-decimal-escape,no-obj-calls,no-octal,no-prototype-builtins,no-regex-spaces,no-sparse-arrays,no-unexpected-multiline,no-unsafe-negation,no-unused-labels,no-useless-backreference,no-useless-escape,no-with,use-isnan,no-unpkg-cdn,no-proxy-requests,no-unhandled-promise,no-logging-rejections,no-non-client-request-model,no-deprecated-apis,no-cross-scope-assign,no-empty-function
2026-08-11 21:04:15.253 +0530 [debug] (lint.js) Running the following lints on the file app/scripts/order_action_modal.js : no-eval,no-alert,no-debugger,no-unreachable,no-duplicate-imports,constructor-super,for-direction,no-class-assign,no-new-native-nonconstructor,valid-typeof,no-eq-null,no-var,require-await,no-unreachable-loop,no-redeclare,no-self-assign,no-setter-return,no-shadow-restricted-names,no-this-before-super,no-unsafe-finally,no-unsafe-optional-chaining,no-unused-vars,no-useless-catch,eqeqeq,prefer-const,require-yield,no-global-assign,no-caller,no-process-env,complexity,max-nested-callbacks,handle-callback-err,getter-return,no-async-promise-executor,no-case-declarations,no-compare-neg-zero,no-cond-assign,no-const-assign,no-constant-condition,no-control-regex,no-delete-var,no-dupe-args,no-dupe-class-members,no-dupe-else-if,no-dupe-keys,no-duplicate-case,no-empty,no-empty-character-class,no-empty-pattern,no-ex-assign,no-extra-boolean-cast,no-extra-semi,no-fallthrough,no-func-assign,no-import-assign,no-inner-declarations,no-invalid-regexp,no-irregular-whitespace,no-loss-of-precision,no-misleading-character-class,no-mixed-spaces-and-tabs,no-nonoctal-decimal-escape,no-obj-calls,no-octal,no-prototype-builtins,no-regex-spaces,no-sparse-arrays,no-unexpected-multiline,no-unsafe-negation,no-unused-labels,no-useless-backreference,no-useless-escape,no-with,use-isnan,no-unpkg-cdn,no-proxy-requests,no-unhandled-promise,no-logging-rejections,no-non-client-request-model,no-deprecated-apis,no-cross-scope-assign,no-empty-function
2026-08-11 21:04:15.264 +0530 [debug] (lint.js) Running the following lints on the file app/scripts/runtime.js : no-eval,no-alert,no-debugger,no-unreachable,no-duplicate-imports,constructor-super,for-direction,no-class-assign,no-new-native-nonconstructor,valid-typeof,no-eq-null,no-var,require-await,no-unreachable-loop,no-redeclare,no-self-assign,no-setter-return,no-shadow-restricted-names,no-this-before-super,no-unsafe-finally,no-unsafe-optional-chaining,no-unused-vars,no-useless-catch,eqeqeq,prefer-const,require-yield,no-global-assign,no-caller,no-process-env,complexity,max-nested-callbacks,handle-callback-err,getter-return,no-async-promise-executor,no-case-declarations,no-compare-neg-zero,no-cond-assign,no-const-assign,no-constant-condition,no-control-regex,no-delete-var,no-dupe-args,no-dupe-class-members,no-dupe-else-if,no-dupe-keys,no-duplicate-case,no-empty,no-empty-character-class,no-empty-pattern,no-ex-assign,no-extra-boolean-cast,no-extra-semi,no-fallthrough,no-func-assign,no-import-assign,no-inner-declarations,no-invalid-regexp,no-irregular-whitespace,no-loss-of-precision,no-misleading-character-class,no-mixed-spaces-and-tabs,no-nonoctal-decimal-escape,no-obj-calls,no-octal,no-prototype-builtins,no-regex-spaces,no-sparse-arrays,no-unexpected-multiline,no-unsafe-negation,no-unused-labels,no-useless-backreference,no-useless-escape,no-with,use-isnan,no-unpkg-cdn,no-proxy-requests,no-unhandled-promise,no-logging-rejections,no-non-client-request-model,no-deprecated-apis,no-cross-scope-assign,no-empty-function
2026-08-11 21:04:15.314 +0530 [debug] (lint.js) Running the following lints on the file app/scripts/ticket_sidebar.js : no-eval,no-alert,no-debugger,no-unreachable,no-duplicate-imports,constructor-super,for-direction,no-class-assign,no-new-native-nonconstructor,valid-typeof,no-eq-null,no-var,require-await,no-unreachable-loop,no-redeclare,no-self-assign,no-setter-return,no-shadow-restricted-names,no-this-before-super,no-unsafe-finally,no-unsafe-optional-chaining,no-unused-vars,no-useless-catch,eqeqeq,prefer-const,require-yield,no-global-assign,no-caller,no-process-env,complexity,max-nested-callbacks,handle-callback-err,getter-return,no-async-promise-executor,no-case-declarations,no-compare-neg-zero,no-cond-assign,no-const-assign,no-constant-condition,no-control-regex,no-delete-var,no-dupe-args,no-dupe-class-members,no-dupe-else-if,no-dupe-keys,no-duplicate-case,no-empty,no-empty-character-class,no-empty-pattern,no-ex-assign,no-extra-boolean-cast,no-extra-semi,no-fallthrough,no-func-assign,no-import-assign,no-inner-declarations,no-invalid-regexp,no-irregular-whitespace,no-loss-of-precision,no-misleading-character-class,no-mixed-spaces-and-tabs,no-nonoctal-decimal-escape,no-obj-calls,no-octal,no-prototype-builtins,no-regex-spaces,no-sparse-arrays,no-unexpected-multiline,no-unsafe-negation,no-unused-labels,no-useless-backreference,no-useless-escape,no-with,use-isnan,no-unpkg-cdn,no-proxy-requests,no-unhandled-promise,no-logging-rejections,no-non-client-request-model,no-deprecated-apis,no-cross-scope-assign,no-empty-function
2026-08-11 21:04:15.338 +0530 [debug] (lint.js) Running the following lints on the file server/server.js : no-eval,no-alert,no-debugger,no-unreachable,no-duplicate-imports,constructor-super,for-direction,no-class-assign,no-new-native-nonconstructor,valid-typeof,no-eq-null,no-var,require-await,no-unreachable-loop,no-redeclare,no-self-assign,no-setter-return,no-shadow-restricted-names,no-this-before-super,no-unsafe-finally,no-unsafe-optional-chaining,no-unused-vars,no-useless-catch,eqeqeq,prefer-const,require-yield,no-global-assign,no-caller,no-process-env,complexity,max-nested-callbacks,handle-callback-err,getter-return,no-async-promise-executor,no-case-declarations,no-compare-neg-zero,no-cond-assign,no-const-assign,no-constant-condition,no-control-regex,no-delete-var,no-dupe-args,no-dupe-class-members,no-dupe-else-if,no-dupe-keys,no-duplicate-case,no-empty,no-empty-character-class,no-empty-pattern,no-ex-assign,no-extra-boolean-cast,no-extra-semi,no-fallthrough,no-func-assign,no-import-assign,no-inner-declarations,no-invalid-regexp,no-irregular-whitespace,no-loss-of-precision,no-misleading-character-class,no-mixed-spaces-and-tabs,no-nonoctal-decimal-escape,no-obj-calls,no-octal,no-prototype-builtins,no-regex-spaces,no-sparse-arrays,no-unexpected-multiline,no-unsafe-negation,no-unused-labels,no-useless-backreference,no-useless-escape,no-with,use-isnan,no-unpkg-cdn,no-proxy-requests,no-unhandled-promise,no-logging-rejections,no-non-client-request-model,no-deprecated-apis,no-dependency-mismatch,no-empty-function
2026-08-11 21:04:15.408 +0530 [debug] (lint.js) Running the following lints on the file config/assets/iparams.js : no-unpkg-cdn,no-proxy-requests,no-logging-rejections
2026-08-11 21:04:15.439 +0530 [debug] (validate.js) running validator manifest
2026-08-11 21:04:15.439 +0530 [debug] (validate.js) running validator manifest-dependency
2026-08-11 21:04:15.439 +0530 [debug] (validate.js) running validator oauth
2026-08-11 21:04:15.439 +0530 [debug] (validate.js) skipping validator pkgsize
2026-08-11 21:04:15.439 +0530 [debug] (validate.js) skipping validator schema
2026-08-11 21:04:15.439 +0530 [debug] (validate.js) running validator version-check
2026-08-11 21:04:15.440 +0530 [debug] (validate.js) running validator app-settings
2026-08-11 21:04:15.445 +0530 [debug] (event.js) Found ["onAppInstall","afterAppUpdate","onAppUninstall","onExternalEvent","onScheduledEvent","getDashboardData","getSidebarData","persistPrestaShopStoresSecurely","reconnectPrestaShopSync","getPrestaShopOrderNotes","addPrestaShopOrderNote","applyPrestaShopOrderCoupon","refundPrestaShopOrder","cancelPrestaShopOrder","updatePrestaShopOrderShipping","handleTicketUpdate","handleConversationCreate"] as exported functions.
2026-08-11 21:04:15.445 +0530 [debug] (manifest.js) Validating function getDashboardData
2026-08-11 21:04:15.446 +0530 [debug] (http.js) Failed to parse URL: https://<%= context.domain %>, error: Invalid URL
2026-08-11 21:04:15.446 +0530 [debug] (manifest.js) Validating function getSidebarData
2026-08-11 21:04:15.446 +0530 [debug] (requests.js) validating request template for "verify_prestashop_store_live"
2026-08-11 21:04:15.446 +0530 [debug] (manifest.js) Validating function persistPrestaShopStoresSecurely
2026-08-11 21:04:15.446 +0530 [debug] (http.js) Failed to parse URL: https://<%= context.store_host %>, error: Invalid URL
2026-08-11 21:04:15.446 +0530 [debug] (manifest.js) Validating function reconnectPrestaShopSync
2026-08-11 21:04:15.446 +0530 [debug] (requests.js) validating request template for "freshdesk_get_live"
2026-08-11 21:04:15.446 +0530 [debug] (manifest.js) Validating function getPrestaShopOrderNotes
2026-08-11 21:04:15.446 +0530 [debug] (http.js) Failed to parse URL: https://<%= context.domain %>, error: Invalid URL
2026-08-11 21:04:15.446 +0530 [debug] (manifest.js) Validating function addPrestaShopOrderNote
2026-08-11 21:04:15.446 +0530 [debug] (requests.js) validating request template for "freshdesk_post_live"
2026-08-11 21:04:15.446 +0530 [debug] (manifest.js) Validating function applyPrestaShopOrderCoupon
2026-08-11 21:04:15.446 +0530 [debug] (http.js) Failed to parse URL: https://<%= context.domain %>, error: Invalid URL
2026-08-11 21:04:15.446 +0530 [debug] (manifest.js) Validating function refundPrestaShopOrder
2026-08-11 21:04:15.446 +0530 [debug] (requests.js) validating request template for "freshdesk_put_live"
2026-08-11 21:04:15.446 +0530 [debug] (manifest.js) Validating function cancelPrestaShopOrder
2026-08-11 21:04:15.446 +0530 [debug] (http.js) Failed to parse URL: https://<%= context.domain %>, error: Invalid URL
2026-08-11 21:04:15.446 +0530 [debug] (manifest.js) Validating function updatePrestaShopOrderShipping
2026-08-11 21:04:15.446 +0530 [debug] (requests.js) validating request template for "prestashop_get_live"
2026-08-11 21:04:15.447 +0530 [debug] (http.js) Failed to parse URL: https://<%= context.store_host %>, error: Invalid URL
2026-08-11 21:04:15.447 +0530 [debug] (requests.js) validating request template for "prestashop_post_live"
2026-08-11 21:04:15.448 +0530 [debug] (http.js) Failed to parse URL: https://<%= context.store_host %>, error: Invalid URL
2026-08-11 21:04:15.448 +0530 [debug] (requests.js) validating request template for "prestashop_put_live"
2026-08-11 21:04:15.448 +0530 [debug] (http.js) Failed to parse URL: https://<%= context.domain %>, error: Invalid URL
2026-08-11 21:04:15.448 +0530 [debug] (http.js) Failed to parse URL: https://<%= context.store_host %>, error: Invalid URL
2026-08-11 21:04:15.448 +0530 [debug] (request.js) Checking request template for multi-oauth app
2026-08-11 21:04:15.448 +0530 [debug] (requests.js) validating request template for "prestashop_delete_live"
2026-08-11 21:04:15.448 +0530 [debug] (http.js) Failed to parse URL: https://<%= context.store_host %>, error: Invalid URL
2026-08-11 21:04:15.448 +0530 [debug] (http.js) Failed to parse URL: https://<%= context.store_host %>, error: Invalid URL
2026-08-11 21:04:15.448 +0530 [debug] (request.js) Checking request template for multi-oauth app
2026-08-11 21:04:15.448 +0530 [debug] (http.js) Failed to parse URL: https://<%= context.domain %>, error: Invalid URL
2026-08-11 21:04:15.448 +0530 [debug] (request.js) Checking request template for multi-oauth app
2026-08-11 21:04:15.448 +0530 [debug] (http.js) Failed to parse URL: https://<%= context.domain %>, error: Invalid URL
2026-08-11 21:04:15.448 +0530 [debug] (request.js) Checking request template for multi-oauth app
2026-08-11 21:04:15.448 +0530 [debug] (http.js) Failed to parse URL: https://<%= context.domain %>, error: Invalid URL
2026-08-11 21:04:15.448 +0530 [debug] (request.js) Checking request template for multi-oauth app
2026-08-11 21:04:15.448 +0530 [debug] (http.js) Failed to parse URL: https://<%= context.store_host %>, error: Invalid URL
2026-08-11 21:04:15.448 +0530 [debug] (request.js) Checking request template for multi-oauth app
2026-08-11 21:04:15.448 +0530 [debug] (http.js) Failed to parse URL: https://<%= context.store_host %>, error: Invalid URL
2026-08-11 21:04:15.448 +0530 [debug] (request.js) Checking request template for multi-oauth app
2026-08-11 21:04:15.448 +0530 [debug] (http.js) Failed to parse URL: https://<%= context.store_host %>, error: Invalid URL
2026-08-11 21:04:15.448 +0530 [debug] (request.js) Checking request template for multi-oauth app
2026-08-11 21:04:15.448 +0530 [debug] (http.js) Failed to parse URL: https://<%= context.store_host %>, error: Invalid URL
2026-08-11 21:04:15.448 +0530 [debug] (request.js) Checking request template for multi-oauth app
2026-08-11 21:04:15.450 +0530 [warn] Please ensure that the following are addressed for quick review process:
2026-08-11 21:04:15.450 +0530 [warn] ⚠ app/scripts/app.js::28: 'client' declared and assigned in different scopes. Possible asynchronous race condition.
2026-08-11 21:04:15.450 +0530 [warn] ⚠ app/scripts/app.js::92: Function 'render' has a complexity of 8. Maximum allowed is 7.
2026-08-11 21:04:15.450 +0530 [warn] ⚠ app/scripts/app.js::170: Function 'parseInvokeResponse' has a complexity of 9. Maximum allowed is 7.
2026-08-11 21:04:15.450 +0530 [warn] ⚠ app/scripts/dashboard.js::35: 'client' declared and assigned in different scopes. Possible asynchronous race condition.
2026-08-11 21:04:15.450 +0530 [warn] ⚠ app/scripts/dashboard.js::102: Function 'render' has a complexity of 17. Maximum allowed is 7.
2026-08-11 21:04:15.450 +0530 [warn] ⚠ app/scripts/dashboard.js::151: Arrow function has a complexity of 8. Maximum allowed is 7.
2026-08-11 21:04:15.450 +0530 [warn] ⚠ app/scripts/dashboard.js::177: Arrow function has a complexity of 9. Maximum allowed is 7.
2026-08-11 21:04:15.450 +0530 [warn] ⚠ app/scripts/dashboard.js::224: Function 'parseInvokeResponse' has a complexity of 9. Maximum allowed is 7.
2026-08-11 21:04:15.450 +0530 [warn] ⚠ app/scripts/order_action_modal.js::30: 'client' declared and assigned in different scopes. Possible asynchronous race condition.
2026-08-11 21:04:15.450 +0530 [warn] ⚠ app/scripts/order_action_modal.js::32: 'modalData' declared and assigned in different scopes. Possible asynchronous race condition.
2026-08-11 21:04:15.450 +0530 [warn] ⚠ app/scripts/order_action_modal.js::33: 'selectedOrder' declared and assigned in different scopes. Possible asynchronous race condition.
2026-08-11 21:04:15.450 +0530 [warn] ⚠ app/scripts/order_action_modal.js::34: 'selectedMode' declared and assigned in different scopes. Possible asynchronous race condition.
2026-08-11 21:04:15.450 +0530 [warn] ⚠ app/scripts/order_action_modal.js::74: Function 'renderModal' has a complexity of 8. Maximum allowed is 7.
2026-08-11 21:04:15.450 +0530 [warn] ⚠ app/scripts/order_action_modal.js::105: Function 'populateRefundForm' has a complexity of 11. Maximum allowed is 7.
2026-08-11 21:04:15.450 +0530 [warn] ⚠ app/scripts/order_action_modal.js::126: Function 'renderRefundItemRow' has a complexity of 12. Maximum allowed is 7.
2026-08-11 21:04:15.450 +0530 [warn] ⚠ app/scripts/order_action_modal.js::269: Async function 'notifySidebar' has a complexity of 8. Maximum allowed is 7.
2026-08-11 21:04:15.451 +0530 [warn] ⚠ app/scripts/order_action_modal.js::377: 'submitting' declared and assigned in different scopes. Possible asynchronous race condition.
2026-08-11 21:04:15.451 +0530 [warn] ⚠ app/scripts/runtime.js::67: 'client' declared and assigned in different scopes. Possible asynchronous race condition.
2026-08-11 21:04:15.451 +0530 [warn] ⚠ app/scripts/runtime.js::520: Async function 'applyRules' has a complexity of 24. Maximum allowed is 7.
2026-08-11 21:04:15.451 +0530 [warn] ⚠ app/scripts/runtime.js::885: Arrow function has a complexity of 14. Maximum allowed is 7.
2026-08-11 21:04:15.451 +0530 [warn] ⚠ app/scripts/runtime.js::941: Async function 'applyFieldOptions' has a complexity of 26. Maximum allowed is 7.
2026-08-11 21:04:15.451 +0530 [warn] ⚠ app/scripts/runtime.js::1118: Async function 'runPostSetOptionsPayloads' has a complexity of 11. Maximum allowed is 7.
2026-08-11 21:04:15.451 +0530 [warn] ⚠ app/scripts/runtime.js::1328: Arrow function has a complexity of 11. Maximum allowed is 7.
2026-08-11 21:04:15.451 +0530 [warn] ⚠ app/scripts/runtime.js::1364: Async function 'resolveAvailableOptions' has a complexity of 10. Maximum allowed is 7.
2026-08-11 21:04:15.451 +0530 [warn] ⚠ app/scripts/runtime.js::1416: possible deprecated API usage detected
2026-08-11 21:04:15.451 +0530 [warn] ⚠ app/scripts/runtime.js::1423: Function 'resolveDependentHierarchyOptionRecords' has a complexity of 14. Maximum allowed is 7.
2026-08-11 21:04:15.451 +0530 [warn] ⚠ app/scripts/runtime.js::1470: Arrow function has a complexity of 9. Maximum allowed is 7.
2026-08-11 21:04:15.451 +0530 [warn] ⚠ app/scripts/runtime.js::1507: Function 'choiceNodeMatchesHiddenValue' has a complexity of 11. Maximum allowed is 7.
2026-08-11 21:04:15.451 +0530 [warn] ⚠ app/scripts/runtime.js::1568: Function 'buildDependentOptionPayload' has a complexity of 11. Maximum allowed is 7.
2026-08-11 21:04:15.451 +0530 [warn] ⚠ app/scripts/runtime.js::1921: Function 'getDependentRootOptionValues' has a complexity of 8. Maximum allowed is 7.
2026-08-11 21:04:15.451 +0530 [warn] ⚠ app/scripts/runtime.js::1945: Function 'getDependentRootElementId' has a complexity of 8. Maximum allowed is 7.
2026-08-11 21:04:15.451 +0530 [warn] ⚠ app/scripts/runtime.js::1971: Arrow function has a complexity of 8. Maximum allowed is 7.
2026-08-11 21:04:15.451 +0530 [warn] ⚠ app/scripts/runtime.js::1995: Function 'resolveOptionPayloadStrategies' has a complexity of 8. Maximum allowed is 7.
2026-08-11 21:04:15.451 +0530 [warn] ⚠ app/scripts/runtime.js::2114: Function 'logDependentTrace' has a complexity of 9. Maximum allowed is 7.
2026-08-11 21:04:15.451 +0530 [warn] ⚠ app/scripts/runtime.js::2223: Function 'extractObjectValue' has a complexity of 22. Maximum allowed is 7.
2026-08-11 21:04:15.451 +0530 [warn] ⚠ app/scripts/runtime.js::2305: Function 'parseInvokeResponse' has a complexity of 9. Maximum allowed is 7.
2026-08-11 21:04:15.451 +0530 [warn] ⚠ app/scripts/ticket_sidebar.js::49: 'client' declared and assigned in different scopes. Possible asynchronous race condition.
2026-08-11 21:04:15.451 +0530 [warn] ⚠ app/scripts/ticket_sidebar.js::170: Async function 'loadSidebar' has a complexity of 14. Maximum allowed is 7.
2026-08-11 21:04:15.451 +0530 [warn] ⚠ app/scripts/ticket_sidebar.js::252: Function 'normalizeTicket' has a complexity of 41. Maximum allowed is 7.
2026-08-11 21:04:15.451 +0530 [warn] ⚠ app/scripts/ticket_sidebar.js::290: Function 'normalizeRequesterData' has a complexity of 20. Maximum allowed is 7.
2026-08-11 21:04:15.452 +0530 [warn] ⚠ app/scripts/ticket_sidebar.js::399: Function 'buildCustomerEmptyState' has a complexity of 9. Maximum allowed is 7.
2026-08-11 21:04:15.452 +0530 [warn] ⚠ app/scripts/ticket_sidebar.js::418: Function 'renderHeaderCustomer' has a complexity of 8. Maximum allowed is 7.
2026-08-11 21:04:15.452 +0530 [warn] ⚠ app/scripts/ticket_sidebar.js::450: Function 'renderCustomerCard' has a complexity of 14. Maximum allowed is 7.
2026-08-11 21:04:15.452 +0530 [warn] ⚠ app/scripts/ticket_sidebar.js::533: Arrow function has a complexity of 9. Maximum allowed is 7.
2026-08-11 21:04:15.452 +0530 [warn] ⚠ app/scripts/ticket_sidebar.js::551: Arrow function has a complexity of 12. Maximum allowed is 7.
2026-08-11 21:04:15.452 +0530 [warn] ⚠ app/scripts/ticket_sidebar.js::567: Function 'renderOrderCard' has a complexity of 22. Maximum allowed is 7.
2026-08-11 21:04:15.452 +0530 [warn] ⚠ app/scripts/ticket_sidebar.js::700: Function 'renderOrderActions' has a complexity of 28. Maximum allowed is 7.
2026-08-11 21:04:15.452 +0530 [warn] ⚠ app/scripts/ticket_sidebar.js::757: Function 'renderActiveOrderPanel' has a complexity of 36. Maximum allowed is 7.
2026-08-11 21:04:15.452 +0530 [warn] ⚠ app/scripts/ticket_sidebar.js::919: Function 'renderOrderNote' has a complexity of 9. Maximum allowed is 7.
2026-08-11 21:04:15.452 +0530 [warn] ⚠ app/scripts/ticket_sidebar.js::931: Function 'renderLineItemCard' has a complexity of 10. Maximum allowed is 7.
2026-08-11 21:04:15.452 +0530 [warn] ⚠ app/scripts/ticket_sidebar.js::976: Function 'shouldCollapseEmptySection' has a complexity of 12. Maximum allowed is 7.
2026-08-11 21:04:15.452 +0530 [warn] ⚠ app/scripts/ticket_sidebar.js::1022: Async function 'handleOrderActionClick' has a complexity of 38. Maximum allowed is 7.
2026-08-11 21:04:15.452 +0530 [warn] ⚠ app/scripts/ticket_sidebar.js::1188: Function 'handleInstanceMessages' has a complexity of 14. Maximum allowed is 7.
2026-08-11 21:04:15.452 +0530 [warn] ⚠ app/scripts/ticket_sidebar.js::1422: Function 'parseInvokeResponse' has a complexity of 9. Maximum allowed is 7.
2026-08-11 21:04:15.452 +0530 [warn] ⚠ server/server.js::19: Function 'parseArgs' has a complexity of 10. Maximum allowed is 7.
2026-08-11 21:04:15.452 +0530 [warn] ⚠ server/server.js::172: Function 'formatApiErrorDetail' has a complexity of 11. Maximum allowed is 7.
2026-08-11 21:04:15.452 +0530 [warn] ⚠ server/server.js::183: Arrow function has a complexity of 10. Maximum allowed is 7.
2026-08-11 21:04:15.452 +0530 [warn] ⚠ server/server.js::216: Async function 'invokeTemplate' has a complexity of 20. Maximum allowed is 7.
2026-08-11 21:04:15.454 +0530 [warn] ⚠ server/server.js::409: Function 'normalizePrestaShopStoreRecord' has a complexity of 18. Maximum allowed is 7.
2026-08-11 21:04:15.454 +0530 [warn] ⚠ server/server.js::462: Function 'getPrestaShopFeatureFlags' has a complexity of 10. Maximum allowed is 7.
2026-08-11 21:04:15.454 +0530 [warn] ⚠ server/server.js::480: Function 'buildPrestaShopFeatureItems' has a complexity of 11. Maximum allowed is 7.
2026-08-11 21:04:15.454 +0530 [warn] ⚠ server/server.js::546: possible deprecated API usage detected
2026-08-11 21:04:15.454 +0530 [warn] ⚠ server/server.js::554: possible deprecated API usage detected
2026-08-11 21:04:15.454 +0530 [warn] ⚠ server/server.js::895: Async function 'schedulePrestaShopOrderTicketRetry' has a complexity of 9. Maximum allowed is 7.
2026-08-11 21:04:15.454 +0530 [warn] ⚠ server/server.js::1036: Function 'buildPrestaShopApiPath' has a complexity of 8. Maximum allowed is 7.
2026-08-11 21:04:15.454 +0530 [warn] ⚠ server/server.js::1114: Async function 'installPrestaShopExtensionWebhooksForStores' has a complexity of 8. Maximum allowed is 7.
2026-08-11 21:04:15.454 +0530 [warn] ⚠ server/server.js::1199: Async function 'fetchFreshdeskRequesterEmail' has a complexity of 13. Maximum allowed is 7.
2026-08-11 21:04:15.454 +0530 [warn] ⚠ server/server.js::1210: Async function 'fetchFreshdeskTicketRequesterEmail' has a complexity of 31. Maximum allowed is 7.
2026-08-11 21:04:15.454 +0530 [warn] ⚠ server/server.js::1315: Function 'normalizeAddress' has a complexity of 20. Maximum allowed is 7.
2026-08-11 21:04:15.454 +0530 [warn] ⚠ server/server.js::1360: Function 'mergePrestaShopOrderPayload' has a complexity of 12. Maximum allowed is 7.
2026-08-11 21:04:15.454 +0530 [warn] ⚠ server/server.js::1375: Arrow function has a complexity of 11. Maximum allowed is 7.
2026-08-11 21:04:15.454 +0530 [warn] ⚠ server/server.js::1435: Function 'normalizePrestaShopGroupName' has a complexity of 8. Maximum allowed is 7.
2026-08-11 21:04:15.454 +0530 [warn] ⚠ server/server.js::1444: Function 'getPrestaShopCustomerTotalSpent' has a complexity of 11. Maximum allowed is 7.
2026-08-11 21:04:15.454 +0530 [warn] ⚠ server/server.js::1467: Function 'normalizeCustomerRecord' has a complexity of 40. Maximum allowed is 7.
2026-08-11 21:04:15.454 +0530 [warn] ⚠ server/server.js::1516: Async function 'fetchPrestaShopCustomerGroupName' has a complexity of 8. Maximum allowed is 7.
2026-08-11 21:04:15.454 +0530 [warn] ⚠ server/server.js::1557: Function 'getOrderShippingAddress' has a complexity of 9. Maximum allowed is 7.
2026-08-11 21:04:15.454 +0530 [warn] ⚠ server/server.js::1565: Function 'getOrderShippingMethod' has a complexity of 9. Maximum allowed is 7.
2026-08-11 21:04:15.454 +0530 [warn] ⚠ server/server.js::1589: Function 'normalizeProductOptionRecord' has a complexity of 10. Maximum allowed is 7.
2026-08-11 21:04:15.454 +0530 [warn] ⚠ server/server.js::1599: Function 'normalizeProductOption' has a complexity of 10. Maximum allowed is 7.
2026-08-11 21:04:15.454 +0530 [warn] ⚠ server/server.js::1617: Function 'normalizeOrderLineItem' has a complexity of 19. Maximum allowed is 7.
2026-08-11 21:04:15.454 +0530 [warn] ⚠ server/server.js::1654: Function 'buildCarrierTrackingUrl' has a complexity of 13. Maximum allowed is 7.
2026-08-11 21:04:15.454 +0530 [warn] ⚠ server/server.js::1677: Function 'normalizeShipmentTrack' has a complexity of 25. Maximum allowed is 7.
2026-08-11 21:04:15.454 +0530 [warn] ⚠ server/server.js::1753: Function 'buildOrderActionAvailability' has a complexity of 9. Maximum allowed is 7.
2026-08-11 21:04:15.454 +0530 [warn] ⚠ server/server.js::1812: Function 'hasPrestaShopShippingAddress' has a complexity of 8. Maximum allowed is 7.
2026-08-11 21:04:15.454 +0530 [warn] ⚠ server/server.js::1821: Function 'normalizeOrderRecord' has a complexity of 61. Maximum allowed is 7.
2026-08-11 21:04:15.454 +0530 [warn] ⚠ server/server.js::1893: Function 'normalizeGuestCustomerFromOrder' has a complexity of 10. Maximum allowed is 7.
2026-08-11 21:04:15.454 +0530 [warn] ⚠ server/server.js::1923: Function 'buildSearchQuery' has a complexity of 9. Maximum allowed is 7.
2026-08-11 21:04:15.454 +0530 [warn] ⚠ server/server.js::1967: Function 'buildOrderSearchText' has a complexity of 8. Maximum allowed is 7.
2026-08-11 21:04:15.454 +0530 [warn] ⚠ server/server.js::2028: Async function 'searchStoreOrders' has a complexity of 9. Maximum allowed is 7.
2026-08-11 21:04:15.454 +0530 [warn] ⚠ server/server.js::2161: Function 'storeHasRegisteredCustomerEmail' has a complexity of 9. Maximum allowed is 7.
2026-08-11 21:04:15.454 +0530 [warn] ⚠ server/server.js::2210: Arrow function has a complexity of 10. Maximum allowed is 7.
2026-08-11 21:04:15.454 +0530 [warn] ⚠ server/server.js::2237: Arrow function has a complexity of 12. Maximum allowed is 7.
2026-08-11 21:04:15.454 +0530 [warn] ⚠ server/server.js::2261: Async function 'finalizePrestaShopSidebarData' has a complexity of 8. Maximum allowed is 7.
2026-08-11 21:04:15.454 +0530 [warn] ⚠ server/server.js::2301: Async function 'collectGlobalPrestaShopSearchData' has a complexity of 9. Maximum allowed is 7.
2026-08-11 21:04:15.454 +0530 [warn] ⚠ server/server.js::2357: Async function 'collectPrestaShopSidebarData' has a complexity of 26. Maximum allowed is 7.
2026-08-11 21:04:15.454 +0530 [warn] ⚠ server/server.js::2586: Function 'buildFreshdeskContactPayloadFromPrestaShopCustomer' has a complexity of 10. Maximum allowed is 7.
2026-08-11 21:04:15.454 +0530 [warn] ⚠ server/server.js::2635: Function 'normalizeFreshdeskDefaultPayloadValue' has a complexity of 9. Maximum allowed is 7.
2026-08-11 21:04:15.455 +0530 [warn] ⚠ server/server.js::2679: Arrow function has a complexity of 8. Maximum allowed is 7.
2026-08-11 21:04:15.455 +0530 [warn] ⚠ server/server.js::2714: Function 'getFreshdeskMissingCustomFieldFallback' has a complexity of 8. Maximum allowed is 7.
2026-08-11 21:04:15.455 +0530 [warn] ⚠ server/server.js::2741: Arrow function has a complexity of 9. Maximum allowed is 7.
2026-08-11 21:04:15.455 +0530 [warn] ⚠ server/server.js::2782: Async function 'syncFreshdeskContactForPrestaShopCustomer' has a complexity of 16. Maximum allowed is 7.
2026-08-11 21:04:15.455 +0530 [warn] ⚠ server/server.js::2852: Function 'buildOrderCreatedTicketDescription' has a complexity of 9. Maximum allowed is 7.
2026-08-11 21:04:15.455 +0530 [warn] ⚠ server/server.js::2878: Async function 'createFreshdeskTicketForPrestaShopEvent' has a complexity of 12. Maximum allowed is 7.
2026-08-11 21:04:15.455 +0530 [warn] ⚠ server/server.js::2908: Async function 'processPrestaShopCustomerEvent' has a complexity of 13. Maximum allowed is 7.
2026-08-11 21:04:15.455 +0530 [warn] ⚠ server/server.js::2934: Async function 'processPrestaShopOrderCreatedEvent' has a complexity of 35. Maximum allowed is 7.
2026-08-11 21:04:15.456 +0530 [warn] ⚠ server/server.js::3091: Function 'buildExternalEventPayloadDiagnostics' has a complexity of 17. Maximum allowed is 7.
2026-08-11 21:04:15.456 +0530 [warn] ⚠ server/server.js::3182: Function 'buildPrestaShopExtensionShippingPayload' has a complexity of 12. Maximum allowed is 7.
2026-08-11 21:04:15.456 +0530 [warn] ⚠ server/server.js::3251: Async method 'onExternalEvent' has a complexity of 40. Maximum allowed is 7.
2026-08-11 21:04:15.456 +0530 [warn] ⚠ server/server.js::3307: Async method 'onScheduledEvent' has a complexity of 8. Maximum allowed is 7.
2026-08-11 21:04:15.456 +0530 [warn] 
[1mYour app might be using one or more API endpoints that will be deprecated soon. Please go through the deprecation notice (https://community.freshworks.dev/t/freshservice-rest-api-v1-deprecation-notice/5899) to find alternate resources.[0m
2026-08-11 21:04:15.456 +0530 [warn] 
2026-08-11 21:04:15.456 +0530 [info] ================================================================
2026-08-11 21:04:15.456 +0530 [info] |                      Validation Summary                      |
2026-08-11 21:04:15.456 +0530 [info] ================================================================
2026-08-11 21:04:15.457 +0530 [info] | [1;31mTotal Platform Errors: 0[0m                                     |
2026-08-11 21:04:15.457 +0530 [info] | [1;31mTotal Lint Errors    : 0[0m                                     |
2026-08-11 21:04:15.457 +0530 [info] | [1;33mTotal Warnings       : 109[0m                                   |
2026-08-11 21:04:15.457 +0530 [info] ================================================================

2026-08-11 21:04:15.457 +0530 [info] ✔ Validation Successful
2026-08-11 21:04:15.467 +0530 [debug] (report.js) Generating hash for report.json file
2026-08-11 21:13:30.897 +0530 [debug] (configs.js) loaded default configs as "{"updates":{"manifest_url":"https://cdn.freshdev.io/assets/fdk/updates.json","changelog_url":"https://cdn.freshdev.io/assets/fdk/change-log.json","period":24},"log":{"level":"info"},"javascript":{"ecma_version":2020},"request":{"timeout":15000},"global_apps":{"enabled":true},"easel":{"enabled":false},"job":{"timeout":120000}}"
2026-08-11 21:13:30.901 +0530 [debug] (configs.js) loaded global configs as "{"request":{"timeout":15000},"global_apps":{"enabled":"true"},"job":{"timeout":120000}}"
2026-08-11 21:13:30.901 +0530 [debug] (configs.js) loaded local configs as "{"global_apps":{"enabled":"true"},"request":{"timeout":15000},"job":{"timeout":120000}}"
2026-08-11 21:13:30.901 +0530 [debug] (configs.js) loaded env configs as "{"updates":{},"log":{},"javascript":{},"request":{"timeout":15000},"job":{"timeout":120000}}"
2026-08-11 21:13:30.901 +0530 [debug] (configs.js) loaded resolved configs as "{"updates":{"manifest_url":"https://cdn.freshdev.io/assets/fdk/updates.json","changelog_url":"https://cdn.freshdev.io/assets/fdk/change-log.json","period":24},"log":{"level":"info"},"javascript":{"ecma_version":2020},"request":{"timeout":15000},"global_apps":{"enabled":"true"},"easel":{"enabled":false},"job":{"timeout":120000}}"
2026-08-11 21:13:30.901 +0530 [debug] (logger.js) Starting FDK in node v24.11.1 on darwin
2026-08-11 21:13:30.901 +0530 [debug] (sequelize.js) setting up sqilite at "/Users/akashram/Desktop/fw Projects/PrestaConnector/.fdk/store.sqlite"
2026-08-11 21:13:30.901 +0530 [debug] (data.js) Read {"version_details":{"cli":{"deprecated":{"version":"<9","message":"This FDK version has been deprecated. There will be no further feature updates to this version. For a seamless app-building experience, ensure to move to the latest FDK version. For more information, see https://developers.freshworks.com/docs/app-sdk/v2.3/freshdesk/migration-guide/#migrate-to-the-latest-platform-version."},"forced":{"version":"7.0.0","command":"npm install https://dl.freshdev.io/cli/fdk-7.0.0.tgz -g","message":"Your FDK version has been forced updated to v7.0.0, please visit https://community.developers.freshworks.com/t/fdk-v7-0-announcing-node-js-v12-and-es6-support/3606 to know more"},"latest":{"version":"10.1.9","command":"npm install https://cdn.freshdev.io/fdk/latest-v24.tgz -g","message":"You are on the latest FDK version. For information on the features available as part of this FDK version, see https://developers.freshworks.com/docs/?tab=modules."}},"addon":{"version":"2.2.9","url":"https://cdn.freshdev.io/assets/fdk/addons/addon.zip"}},"last_updated":{"time_stamp":1786446561575}}
2026-08-11 21:13:30.901 +0530 [debug] (updater.js) last check less than 24 hours ago, not looking for updates
2026-08-11 21:13:30.902 +0530 [debug] (index.js) running with opts {}
2026-08-11 21:13:30.976 +0530 [debug] (data.js) Read {"version_details":{"cli":{"deprecated":{"version":"<9","message":"This FDK version has been deprecated. There will be no further feature updates to this version. For a seamless app-building experience, ensure to move to the latest FDK version. For more information, see https://developers.freshworks.com/docs/app-sdk/v2.3/freshdesk/migration-guide/#migrate-to-the-latest-platform-version."},"forced":{"version":"7.0.0","command":"npm install https://dl.freshdev.io/cli/fdk-7.0.0.tgz -g","message":"Your FDK version has been forced updated to v7.0.0, please visit https://community.developers.freshworks.com/t/fdk-v7-0-announcing-node-js-v12-and-es6-support/3606 to know more"},"latest":{"version":"10.1.9","command":"npm install https://cdn.freshdev.io/fdk/latest-v24.tgz -g","message":"You are on the latest FDK version. For information on the features available as part of this FDK version, see https://developers.freshworks.com/docs/?tab=modules."}},"addon":{"version":"2.2.9","url":"https://cdn.freshdev.io/assets/fdk/addons/addon.zip"}},"last_updated":{"time_stamp":1786446561575}}
2026-08-11 21:13:30.977 +0530 [debug] (manifest.js) Reloading manifest with {"platform-version":"3.0","modules":{"common":{"location":{"full_page_app":{"url":"dashboard.html","icon":"icon.svg"}},"requests":{"verify_freshdesk_credentials":{},"verify_prestashop_store_live":{},"freshdesk_get_live":{},"freshdesk_post_live":{},"freshdesk_put_live":{},"prestashop_get_live":{},"prestashop_post_live":{},"prestashop_put_live":{},"prestashop_delete_live":{}},"events":{"onAppInstall":{"handler":"onAppInstall"},"afterAppUpdate":{"handler":"afterAppUpdate"},"onAppUninstall":{"handler":"onAppUninstall"},"onExternalEvent":{"handler":"onExternalEvent"},"onScheduledEvent":{"handler":"onScheduledEvent"}},"functions":{"getDashboardData":{},"getSidebarData":{},"persistPrestaShopStoresSecurely":{},"reconnectPrestaShopSync":{},"getPrestaShopOrderNotes":{},"addPrestaShopOrderNote":{},"applyPrestaShopOrderCoupon":{},"refundPrestaShopOrder":{},"cancelPrestaShopOrder":{},"updatePrestaShopOrderShipping":{}}},"support_ticket":{"events":{"onTicketUpdate":{"handler":"handleTicketUpdate"},"onConversationCreate":{"handler":"handleConversationCreate"}},"location":{"ticket_sidebar":{"url":"ticket_sidebar.html","icon":"icon.svg"}}}},"engines":{"node":"24.11.0","fdk":"10.0.1"},"app":{"tracking_id":"s9hytuyr897n65hk7927","start_time":"2025-06-07T14:05:19.420Z"}}.
2026-08-11 21:13:30.977 +0530 [debug] (manifest.js) Inferred db,backend as features.
2026-08-11 21:13:30.977 +0530 [debug] (data.js) Read {"version_details":{"cli":{"deprecated":{"version":"<9","message":"This FDK version has been deprecated. There will be no further feature updates to this version. For a seamless app-building experience, ensure to move to the latest FDK version. For more information, see https://developers.freshworks.com/docs/app-sdk/v2.3/freshdesk/migration-guide/#migrate-to-the-latest-platform-version."},"forced":{"version":"7.0.0","command":"npm install https://dl.freshdev.io/cli/fdk-7.0.0.tgz -g","message":"Your FDK version has been forced updated to v7.0.0, please visit https://community.developers.freshworks.com/t/fdk-v7-0-announcing-node-js-v12-and-es6-support/3606 to know more"},"latest":{"version":"10.1.9","command":"npm install https://cdn.freshdev.io/fdk/latest-v24.tgz -g","message":"You are on the latest FDK version. For information on the features available as part of this FDK version, see https://developers.freshworks.com/docs/?tab=modules."}},"addon":{"version":"2.2.9","url":"https://cdn.freshdev.io/assets/fdk/addons/addon.zip"}},"last_updated":{"time_stamp":1786446561575}}
2026-08-11 21:13:31.090 +0530 [debug] (coverage.js) INIT: About to merge initial coverage data with 3 files
2026-08-11 21:13:31.091 +0530 [debug] (coverage.js) INIT: After merge - Files in map: 3
2026-08-11 21:13:31.104 +0530 [debug] (index.js) Initializing AJV schemas from individual files
2026-08-11 21:13:31.104 +0530 [debug] (index.js) Compiling schemas...
2026-08-11 21:13:31.109 +0530 [debug] (index.js) All schemas compiled successfully
2026-08-11 21:13:31.245 +0530 [debug] (index.js) 'schema: ' [object Object]
2026-08-11 21:13:31.248 +0530 [debug] (index.js) 'schema: ' [object Object]
2026-08-11 21:13:31.248 +0530 [debug] (index.js) 'schema: ' [object Object]
2026-08-11 21:13:31.249 +0530 [debug] (index.js) 'schema: ' [object Object]
2026-08-11 21:13:31.249 +0530 [debug] (index.js) 'schema: ' [object Object]
2026-08-11 21:13:31.250 +0530 [debug] (index.js) 'schema: ' [object Object]
2026-08-11 21:13:31.250 +0530 [debug] (index.js) 'schema: ' [object Object]
2026-08-11 21:13:31.252 +0530 [debug] (index.js) 'schema: ' [object Object]
2026-08-11 21:13:31.253 +0530 [debug] (index.js) 'schema: ' [object Object]
2026-08-11 21:13:31.253 +0530 [debug] (index.js) 'schema: ' [object Object]
2026-08-11 21:13:31.255 +0530 [debug] (index.js) 'schema: ' [object Object]
2026-08-11 21:13:31.256 +0530 [debug] (index.js) 'schema: ' [object Object]
2026-08-11 21:13:31.257 +0530 [debug] (index.js) 'schema: ' [object Object]
2026-08-11 21:13:31.257 +0530 [debug] (index.js) 'schema: ' [object Object]
2026-08-11 21:13:31.257 +0530 [debug] (index.js) 'schema: ' [object Object]
2026-08-11 21:13:31.258 +0530 [debug] (index.js) 'schema: ' [object Object]
2026-08-11 21:13:31.259 +0530 [debug] (index.js) 'schema: ' [object Object]
2026-08-11 21:13:31.263 +0530 [debug] (index.js) 'schema: ' [object Object]
2026-08-11 21:13:31.456 +0530 [debug] (pack.js) 'pack' called with {}
2026-08-11 21:13:31.456 +0530 [debug] (validate.js) asked to skip the following validations, 
2026-08-11 21:13:31.456 +0530 [debug] (validate.js) running validator actions
2026-08-11 21:13:31.456 +0530 [debug] (validate.js) running validator requests
2026-08-11 21:13:31.456 +0530 [debug] (requests.js) validating request template for "verify_freshdesk_credentials"
2026-08-11 21:13:31.456 +0530 [debug] (validate.js) running validator app-dir
2026-08-11 21:13:31.457 +0530 [debug] (validate.js) running validator config-dir
2026-08-11 21:13:31.457 +0530 [debug] (config-dir.js) Checking to see if /Users/akashram/Desktop/fw Projects/PrestaConnector/config/ exists.
2026-08-11 21:13:31.457 +0530 [debug] (config-dir.js) Fetched the following config files assets,iparams.html,requests.json
2026-08-11 21:13:31.457 +0530 [debug] (validate.js) running validator custom-objects
2026-08-11 21:13:31.457 +0530 [debug] (validate.js) running validator event
2026-08-11 21:13:31.471 +0530 [debug] (event.js) Found ["onAppInstall","afterAppUpdate","onAppUninstall","onExternalEvent","onScheduledEvent","getDashboardData","getSidebarData","persistPrestaShopStoresSecurely","reconnectPrestaShopSync","getPrestaShopOrderNotes","addPrestaShopOrderNote","applyPrestaShopOrderCoupon","refundPrestaShopOrder","cancelPrestaShopOrder","updatePrestaShopOrderShipping","handleTicketUpdate","handleConversationCreate"] as exported functions.
2026-08-11 21:13:31.471 +0530 [debug] (validate.js) running validator iparam
2026-08-11 21:13:31.482 +0530 [debug] (validate.js) running validator lint
2026-08-11 21:13:31.482 +0530 [debug] (lint.js) passed fix flag: undefined
2026-08-11 21:13:31.483 +0530 [debug] (lint.js) Running the following lints on the file app/scripts/app.js : no-eval,no-alert,no-debugger,no-unreachable,no-duplicate-imports,constructor-super,for-direction,no-class-assign,no-new-native-nonconstructor,valid-typeof,no-eq-null,no-var,require-await,no-unreachable-loop,no-redeclare,no-self-assign,no-setter-return,no-shadow-restricted-names,no-this-before-super,no-unsafe-finally,no-unsafe-optional-chaining,no-unused-vars,no-useless-catch,eqeqeq,prefer-const,require-yield,no-global-assign,no-caller,no-process-env,complexity,max-nested-callbacks,handle-callback-err,getter-return,no-async-promise-executor,no-case-declarations,no-compare-neg-zero,no-cond-assign,no-const-assign,no-constant-condition,no-control-regex,no-delete-var,no-dupe-args,no-dupe-class-members,no-dupe-else-if,no-dupe-keys,no-duplicate-case,no-empty,no-empty-character-class,no-empty-pattern,no-ex-assign,no-extra-boolean-cast,no-extra-semi,no-fallthrough,no-func-assign,no-import-assign,no-inner-declarations,no-invalid-regexp,no-irregular-whitespace,no-loss-of-precision,no-misleading-character-class,no-mixed-spaces-and-tabs,no-nonoctal-decimal-escape,no-obj-calls,no-octal,no-prototype-builtins,no-regex-spaces,no-sparse-arrays,no-unexpected-multiline,no-unsafe-negation,no-unused-labels,no-useless-backreference,no-useless-escape,no-with,use-isnan,no-unpkg-cdn,no-proxy-requests,no-unhandled-promise,no-logging-rejections,no-non-client-request-model,no-deprecated-apis,no-cross-scope-assign,no-empty-function
2026-08-11 21:13:31.540 +0530 [debug] (lint.js) Running the following lints on the file app/scripts/dashboard.js : no-eval,no-alert,no-debugger,no-unreachable,no-duplicate-imports,constructor-super,for-direction,no-class-assign,no-new-native-nonconstructor,valid-typeof,no-eq-null,no-var,require-await,no-unreachable-loop,no-redeclare,no-self-assign,no-setter-return,no-shadow-restricted-names,no-this-before-super,no-unsafe-finally,no-unsafe-optional-chaining,no-unused-vars,no-useless-catch,eqeqeq,prefer-const,require-yield,no-global-assign,no-caller,no-process-env,complexity,max-nested-callbacks,handle-callback-err,getter-return,no-async-promise-executor,no-case-declarations,no-compare-neg-zero,no-cond-assign,no-const-assign,no-constant-condition,no-control-regex,no-delete-var,no-dupe-args,no-dupe-class-members,no-dupe-else-if,no-dupe-keys,no-duplicate-case,no-empty,no-empty-character-class,no-empty-pattern,no-ex-assign,no-extra-boolean-cast,no-extra-semi,no-fallthrough,no-func-assign,no-import-assign,no-inner-declarations,no-invalid-regexp,no-irregular-whitespace,no-loss-of-precision,no-misleading-character-class,no-mixed-spaces-and-tabs,no-nonoctal-decimal-escape,no-obj-calls,no-octal,no-prototype-builtins,no-regex-spaces,no-sparse-arrays,no-unexpected-multiline,no-unsafe-negation,no-unused-labels,no-useless-backreference,no-useless-escape,no-with,use-isnan,no-unpkg-cdn,no-proxy-requests,no-unhandled-promise,no-logging-rejections,no-non-client-request-model,no-deprecated-apis,no-cross-scope-assign,no-empty-function
2026-08-11 21:13:31.549 +0530 [debug] (lint.js) Running the following lints on the file app/scripts/order_action_modal.js : no-eval,no-alert,no-debugger,no-unreachable,no-duplicate-imports,constructor-super,for-direction,no-class-assign,no-new-native-nonconstructor,valid-typeof,no-eq-null,no-var,require-await,no-unreachable-loop,no-redeclare,no-self-assign,no-setter-return,no-shadow-restricted-names,no-this-before-super,no-unsafe-finally,no-unsafe-optional-chaining,no-unused-vars,no-useless-catch,eqeqeq,prefer-const,require-yield,no-global-assign,no-caller,no-process-env,complexity,max-nested-callbacks,handle-callback-err,getter-return,no-async-promise-executor,no-case-declarations,no-compare-neg-zero,no-cond-assign,no-const-assign,no-constant-condition,no-control-regex,no-delete-var,no-dupe-args,no-dupe-class-members,no-dupe-else-if,no-dupe-keys,no-duplicate-case,no-empty,no-empty-character-class,no-empty-pattern,no-ex-assign,no-extra-boolean-cast,no-extra-semi,no-fallthrough,no-func-assign,no-import-assign,no-inner-declarations,no-invalid-regexp,no-irregular-whitespace,no-loss-of-precision,no-misleading-character-class,no-mixed-spaces-and-tabs,no-nonoctal-decimal-escape,no-obj-calls,no-octal,no-prototype-builtins,no-regex-spaces,no-sparse-arrays,no-unexpected-multiline,no-unsafe-negation,no-unused-labels,no-useless-backreference,no-useless-escape,no-with,use-isnan,no-unpkg-cdn,no-proxy-requests,no-unhandled-promise,no-logging-rejections,no-non-client-request-model,no-deprecated-apis,no-cross-scope-assign,no-empty-function
2026-08-11 21:13:31.560 +0530 [debug] (lint.js) Running the following lints on the file app/scripts/runtime.js : no-eval,no-alert,no-debugger,no-unreachable,no-duplicate-imports,constructor-super,for-direction,no-class-assign,no-new-native-nonconstructor,valid-typeof,no-eq-null,no-var,require-await,no-unreachable-loop,no-redeclare,no-self-assign,no-setter-return,no-shadow-restricted-names,no-this-before-super,no-unsafe-finally,no-unsafe-optional-chaining,no-unused-vars,no-useless-catch,eqeqeq,prefer-const,require-yield,no-global-assign,no-caller,no-process-env,complexity,max-nested-callbacks,handle-callback-err,getter-return,no-async-promise-executor,no-case-declarations,no-compare-neg-zero,no-cond-assign,no-const-assign,no-constant-condition,no-control-regex,no-delete-var,no-dupe-args,no-dupe-class-members,no-dupe-else-if,no-dupe-keys,no-duplicate-case,no-empty,no-empty-character-class,no-empty-pattern,no-ex-assign,no-extra-boolean-cast,no-extra-semi,no-fallthrough,no-func-assign,no-import-assign,no-inner-declarations,no-invalid-regexp,no-irregular-whitespace,no-loss-of-precision,no-misleading-character-class,no-mixed-spaces-and-tabs,no-nonoctal-decimal-escape,no-obj-calls,no-octal,no-prototype-builtins,no-regex-spaces,no-sparse-arrays,no-unexpected-multiline,no-unsafe-negation,no-unused-labels,no-useless-backreference,no-useless-escape,no-with,use-isnan,no-unpkg-cdn,no-proxy-requests,no-unhandled-promise,no-logging-rejections,no-non-client-request-model,no-deprecated-apis,no-cross-scope-assign,no-empty-function
2026-08-11 21:13:31.610 +0530 [debug] (lint.js) Running the following lints on the file app/scripts/ticket_sidebar.js : no-eval,no-alert,no-debugger,no-unreachable,no-duplicate-imports,constructor-super,for-direction,no-class-assign,no-new-native-nonconstructor,valid-typeof,no-eq-null,no-var,require-await,no-unreachable-loop,no-redeclare,no-self-assign,no-setter-return,no-shadow-restricted-names,no-this-before-super,no-unsafe-finally,no-unsafe-optional-chaining,no-unused-vars,no-useless-catch,eqeqeq,prefer-const,require-yield,no-global-assign,no-caller,no-process-env,complexity,max-nested-callbacks,handle-callback-err,getter-return,no-async-promise-executor,no-case-declarations,no-compare-neg-zero,no-cond-assign,no-const-assign,no-constant-condition,no-control-regex,no-delete-var,no-dupe-args,no-dupe-class-members,no-dupe-else-if,no-dupe-keys,no-duplicate-case,no-empty,no-empty-character-class,no-empty-pattern,no-ex-assign,no-extra-boolean-cast,no-extra-semi,no-fallthrough,no-func-assign,no-import-assign,no-inner-declarations,no-invalid-regexp,no-irregular-whitespace,no-loss-of-precision,no-misleading-character-class,no-mixed-spaces-and-tabs,no-nonoctal-decimal-escape,no-obj-calls,no-octal,no-prototype-builtins,no-regex-spaces,no-sparse-arrays,no-unexpected-multiline,no-unsafe-negation,no-unused-labels,no-useless-backreference,no-useless-escape,no-with,use-isnan,no-unpkg-cdn,no-proxy-requests,no-unhandled-promise,no-logging-rejections,no-non-client-request-model,no-deprecated-apis,no-cross-scope-assign,no-empty-function
2026-08-11 21:13:31.640 +0530 [debug] (lint.js) Running the following lints on the file server/server.js : no-eval,no-alert,no-debugger,no-unreachable,no-duplicate-imports,constructor-super,for-direction,no-class-assign,no-new-native-nonconstructor,valid-typeof,no-eq-null,no-var,require-await,no-unreachable-loop,no-redeclare,no-self-assign,no-setter-return,no-shadow-restricted-names,no-this-before-super,no-unsafe-finally,no-unsafe-optional-chaining,no-unused-vars,no-useless-catch,eqeqeq,prefer-const,require-yield,no-global-assign,no-caller,no-process-env,complexity,max-nested-callbacks,handle-callback-err,getter-return,no-async-promise-executor,no-case-declarations,no-compare-neg-zero,no-cond-assign,no-const-assign,no-constant-condition,no-control-regex,no-delete-var,no-dupe-args,no-dupe-class-members,no-dupe-else-if,no-dupe-keys,no-duplicate-case,no-empty,no-empty-character-class,no-empty-pattern,no-ex-assign,no-extra-boolean-cast,no-extra-semi,no-fallthrough,no-func-assign,no-import-assign,no-inner-declarations,no-invalid-regexp,no-irregular-whitespace,no-loss-of-precision,no-misleading-character-class,no-mixed-spaces-and-tabs,no-nonoctal-decimal-escape,no-obj-calls,no-octal,no-prototype-builtins,no-regex-spaces,no-sparse-arrays,no-unexpected-multiline,no-unsafe-negation,no-unused-labels,no-useless-backreference,no-useless-escape,no-with,use-isnan,no-unpkg-cdn,no-proxy-requests,no-unhandled-promise,no-logging-rejections,no-non-client-request-model,no-deprecated-apis,no-dependency-mismatch,no-empty-function
2026-08-11 21:13:31.702 +0530 [debug] (lint.js) Running the following lints on the file config/assets/iparams.js : no-unpkg-cdn,no-proxy-requests,no-logging-rejections
2026-08-11 21:13:31.732 +0530 [debug] (validate.js) running validator manifest
2026-08-11 21:13:31.732 +0530 [debug] (validate.js) running validator manifest-dependency
2026-08-11 21:13:31.732 +0530 [debug] (validate.js) running validator oauth
2026-08-11 21:13:31.732 +0530 [debug] (validate.js) skipping validator pkgsize
2026-08-11 21:13:31.732 +0530 [debug] (validate.js) skipping validator schema
2026-08-11 21:13:31.732 +0530 [debug] (validate.js) running validator version-check
2026-08-11 21:13:31.732 +0530 [debug] (validate.js) running validator app-settings
2026-08-11 21:13:31.737 +0530 [debug] (event.js) Found ["onAppInstall","afterAppUpdate","onAppUninstall","onExternalEvent","onScheduledEvent","getDashboardData","getSidebarData","persistPrestaShopStoresSecurely","reconnectPrestaShopSync","getPrestaShopOrderNotes","addPrestaShopOrderNote","applyPrestaShopOrderCoupon","refundPrestaShopOrder","cancelPrestaShopOrder","updatePrestaShopOrderShipping","handleTicketUpdate","handleConversationCreate"] as exported functions.
2026-08-11 21:13:31.737 +0530 [debug] (manifest.js) Validating function getDashboardData
2026-08-11 21:13:31.738 +0530 [debug] (http.js) Failed to parse URL: https://<%= context.domain %>, error: Invalid URL
2026-08-11 21:13:31.738 +0530 [debug] (manifest.js) Validating function getSidebarData
2026-08-11 21:13:31.738 +0530 [debug] (requests.js) validating request template for "verify_prestashop_store_live"
2026-08-11 21:13:31.738 +0530 [debug] (manifest.js) Validating function persistPrestaShopStoresSecurely
2026-08-11 21:13:31.738 +0530 [debug] (http.js) Failed to parse URL: https://<%= context.store_host %>, error: Invalid URL
2026-08-11 21:13:31.738 +0530 [debug] (manifest.js) Validating function reconnectPrestaShopSync
2026-08-11 21:13:31.738 +0530 [debug] (requests.js) validating request template for "freshdesk_get_live"
2026-08-11 21:13:31.738 +0530 [debug] (manifest.js) Validating function getPrestaShopOrderNotes
2026-08-11 21:13:31.738 +0530 [debug] (http.js) Failed to parse URL: https://<%= context.domain %>, error: Invalid URL
2026-08-11 21:13:31.738 +0530 [debug] (manifest.js) Validating function addPrestaShopOrderNote
2026-08-11 21:13:31.738 +0530 [debug] (requests.js) validating request template for "freshdesk_post_live"
2026-08-11 21:13:31.738 +0530 [debug] (manifest.js) Validating function applyPrestaShopOrderCoupon
2026-08-11 21:13:31.738 +0530 [debug] (http.js) Failed to parse URL: https://<%= context.domain %>, error: Invalid URL
2026-08-11 21:13:31.738 +0530 [debug] (manifest.js) Validating function refundPrestaShopOrder
2026-08-11 21:13:31.738 +0530 [debug] (requests.js) validating request template for "freshdesk_put_live"
2026-08-11 21:13:31.738 +0530 [debug] (manifest.js) Validating function cancelPrestaShopOrder
2026-08-11 21:13:31.738 +0530 [debug] (http.js) Failed to parse URL: https://<%= context.domain %>, error: Invalid URL
2026-08-11 21:13:31.739 +0530 [debug] (manifest.js) Validating function updatePrestaShopOrderShipping
2026-08-11 21:13:31.739 +0530 [debug] (requests.js) validating request template for "prestashop_get_live"
2026-08-11 21:13:31.739 +0530 [debug] (http.js) Failed to parse URL: https://<%= context.store_host %>, error: Invalid URL
2026-08-11 21:13:31.739 +0530 [debug] (requests.js) validating request template for "prestashop_post_live"
2026-08-11 21:13:31.740 +0530 [debug] (http.js) Failed to parse URL: https://<%= context.store_host %>, error: Invalid URL
2026-08-11 21:13:31.740 +0530 [debug] (requests.js) validating request template for "prestashop_put_live"
2026-08-11 21:13:31.740 +0530 [debug] (http.js) Failed to parse URL: https://<%= context.domain %>, error: Invalid URL
2026-08-11 21:13:31.740 +0530 [debug] (http.js) Failed to parse URL: https://<%= context.store_host %>, error: Invalid URL
2026-08-11 21:13:31.740 +0530 [debug] (request.js) Checking request template for multi-oauth app
2026-08-11 21:13:31.740 +0530 [debug] (requests.js) validating request template for "prestashop_delete_live"
2026-08-11 21:13:31.740 +0530 [debug] (http.js) Failed to parse URL: https://<%= context.store_host %>, error: Invalid URL
2026-08-11 21:13:31.740 +0530 [debug] (http.js) Failed to parse URL: https://<%= context.store_host %>, error: Invalid URL
2026-08-11 21:13:31.740 +0530 [debug] (request.js) Checking request template for multi-oauth app
2026-08-11 21:13:31.740 +0530 [debug] (http.js) Failed to parse URL: https://<%= context.domain %>, error: Invalid URL
2026-08-11 21:13:31.740 +0530 [debug] (request.js) Checking request template for multi-oauth app
2026-08-11 21:13:31.740 +0530 [debug] (http.js) Failed to parse URL: https://<%= context.domain %>, error: Invalid URL
2026-08-11 21:13:31.740 +0530 [debug] (request.js) Checking request template for multi-oauth app
2026-08-11 21:13:31.740 +0530 [debug] (http.js) Failed to parse URL: https://<%= context.domain %>, error: Invalid URL
2026-08-11 21:13:31.740 +0530 [debug] (request.js) Checking request template for multi-oauth app
2026-08-11 21:13:31.740 +0530 [debug] (http.js) Failed to parse URL: https://<%= context.store_host %>, error: Invalid URL
2026-08-11 21:13:31.740 +0530 [debug] (request.js) Checking request template for multi-oauth app
2026-08-11 21:13:31.740 +0530 [debug] (http.js) Failed to parse URL: https://<%= context.store_host %>, error: Invalid URL
2026-08-11 21:13:31.740 +0530 [debug] (request.js) Checking request template for multi-oauth app
2026-08-11 21:13:31.740 +0530 [debug] (http.js) Failed to parse URL: https://<%= context.store_host %>, error: Invalid URL
2026-08-11 21:13:31.740 +0530 [debug] (request.js) Checking request template for multi-oauth app
2026-08-11 21:13:31.740 +0530 [debug] (http.js) Failed to parse URL: https://<%= context.store_host %>, error: Invalid URL
2026-08-11 21:13:31.740 +0530 [debug] (request.js) Checking request template for multi-oauth app
2026-08-11 21:13:31.742 +0530 [warn] Please ensure that the following are addressed for quick review process:
2026-08-11 21:13:31.742 +0530 [warn] [33m⚠[39m app/scripts/app.js::28: 'client' declared and assigned in different scopes. Possible asynchronous race condition.
2026-08-11 21:13:31.742 +0530 [warn] [33m⚠[39m app/scripts/app.js::92: Function 'render' has a complexity of 8. Maximum allowed is 7.
2026-08-11 21:13:31.742 +0530 [warn] [33m⚠[39m app/scripts/app.js::170: Function 'parseInvokeResponse' has a complexity of 9. Maximum allowed is 7.
2026-08-11 21:13:31.742 +0530 [warn] [33m⚠[39m app/scripts/dashboard.js::35: 'client' declared and assigned in different scopes. Possible asynchronous race condition.
2026-08-11 21:13:31.742 +0530 [warn] [33m⚠[39m app/scripts/dashboard.js::102: Function 'render' has a complexity of 17. Maximum allowed is 7.
2026-08-11 21:13:31.742 +0530 [warn] [33m⚠[39m app/scripts/dashboard.js::151: Arrow function has a complexity of 8. Maximum allowed is 7.
2026-08-11 21:13:31.742 +0530 [warn] [33m⚠[39m app/scripts/dashboard.js::177: Arrow function has a complexity of 9. Maximum allowed is 7.
2026-08-11 21:13:31.742 +0530 [warn] [33m⚠[39m app/scripts/dashboard.js::224: Function 'parseInvokeResponse' has a complexity of 9. Maximum allowed is 7.
2026-08-11 21:13:31.742 +0530 [warn] [33m⚠[39m app/scripts/order_action_modal.js::30: 'client' declared and assigned in different scopes. Possible asynchronous race condition.
2026-08-11 21:13:31.742 +0530 [warn] [33m⚠[39m app/scripts/order_action_modal.js::32: 'modalData' declared and assigned in different scopes. Possible asynchronous race condition.
2026-08-11 21:13:31.742 +0530 [warn] [33m⚠[39m app/scripts/order_action_modal.js::33: 'selectedOrder' declared and assigned in different scopes. Possible asynchronous race condition.
2026-08-11 21:13:31.742 +0530 [warn] [33m⚠[39m app/scripts/order_action_modal.js::34: 'selectedMode' declared and assigned in different scopes. Possible asynchronous race condition.
2026-08-11 21:13:31.742 +0530 [warn] [33m⚠[39m app/scripts/order_action_modal.js::74: Function 'renderModal' has a complexity of 8. Maximum allowed is 7.
2026-08-11 21:13:31.742 +0530 [warn] [33m⚠[39m app/scripts/order_action_modal.js::105: Function 'populateRefundForm' has a complexity of 11. Maximum allowed is 7.
2026-08-11 21:13:31.742 +0530 [warn] [33m⚠[39m app/scripts/order_action_modal.js::126: Function 'renderRefundItemRow' has a complexity of 12. Maximum allowed is 7.
2026-08-11 21:13:31.742 +0530 [warn] [33m⚠[39m app/scripts/order_action_modal.js::269: Async function 'notifySidebar' has a complexity of 8. Maximum allowed is 7.
2026-08-11 21:13:31.742 +0530 [warn] [33m⚠[39m app/scripts/order_action_modal.js::377: 'submitting' declared and assigned in different scopes. Possible asynchronous race condition.
2026-08-11 21:13:31.742 +0530 [warn] [33m⚠[39m app/scripts/runtime.js::67: 'client' declared and assigned in different scopes. Possible asynchronous race condition.
2026-08-11 21:13:31.742 +0530 [warn] [33m⚠[39m app/scripts/runtime.js::520: Async function 'applyRules' has a complexity of 24. Maximum allowed is 7.
2026-08-11 21:13:31.742 +0530 [warn] [33m⚠[39m app/scripts/runtime.js::885: Arrow function has a complexity of 14. Maximum allowed is 7.
2026-08-11 21:13:31.742 +0530 [warn] [33m⚠[39m app/scripts/runtime.js::941: Async function 'applyFieldOptions' has a complexity of 26. Maximum allowed is 7.
2026-08-11 21:13:31.742 +0530 [warn] [33m⚠[39m app/scripts/runtime.js::1118: Async function 'runPostSetOptionsPayloads' has a complexity of 11. Maximum allowed is 7.
2026-08-11 21:13:31.742 +0530 [warn] [33m⚠[39m app/scripts/runtime.js::1328: Arrow function has a complexity of 11. Maximum allowed is 7.
2026-08-11 21:13:31.742 +0530 [warn] [33m⚠[39m app/scripts/runtime.js::1364: Async function 'resolveAvailableOptions' has a complexity of 10. Maximum allowed is 7.
2026-08-11 21:13:31.742 +0530 [warn] [33m⚠[39m app/scripts/runtime.js::1416: possible deprecated API usage detected
2026-08-11 21:13:31.742 +0530 [warn] [33m⚠[39m app/scripts/runtime.js::1423: Function 'resolveDependentHierarchyOptionRecords' has a complexity of 14. Maximum allowed is 7.
2026-08-11 21:13:31.742 +0530 [warn] [33m⚠[39m app/scripts/runtime.js::1470: Arrow function has a complexity of 9. Maximum allowed is 7.
2026-08-11 21:13:31.742 +0530 [warn] [33m⚠[39m app/scripts/runtime.js::1507: Function 'choiceNodeMatchesHiddenValue' has a complexity of 11. Maximum allowed is 7.
2026-08-11 21:13:31.742 +0530 [warn] [33m⚠[39m app/scripts/runtime.js::1568: Function 'buildDependentOptionPayload' has a complexity of 11. Maximum allowed is 7.
2026-08-11 21:13:31.742 +0530 [warn] [33m⚠[39m app/scripts/runtime.js::1921: Function 'getDependentRootOptionValues' has a complexity of 8. Maximum allowed is 7.
2026-08-11 21:13:31.742 +0530 [warn] [33m⚠[39m app/scripts/runtime.js::1945: Function 'getDependentRootElementId' has a complexity of 8. Maximum allowed is 7.
2026-08-11 21:13:31.742 +0530 [warn] [33m⚠[39m app/scripts/runtime.js::1971: Arrow function has a complexity of 8. Maximum allowed is 7.
2026-08-11 21:13:31.742 +0530 [warn] [33m⚠[39m app/scripts/runtime.js::1995: Function 'resolveOptionPayloadStrategies' has a complexity of 8. Maximum allowed is 7.
2026-08-11 21:13:31.742 +0530 [warn] [33m⚠[39m app/scripts/runtime.js::2114: Function 'logDependentTrace' has a complexity of 9. Maximum allowed is 7.
2026-08-11 21:13:31.742 +0530 [warn] [33m⚠[39m app/scripts/runtime.js::2223: Function 'extractObjectValue' has a complexity of 22. Maximum allowed is 7.
2026-08-11 21:13:31.742 +0530 [warn] [33m⚠[39m app/scripts/runtime.js::2305: Function 'parseInvokeResponse' has a complexity of 9. Maximum allowed is 7.
2026-08-11 21:13:31.742 +0530 [warn] [33m⚠[39m app/scripts/ticket_sidebar.js::49: 'client' declared and assigned in different scopes. Possible asynchronous race condition.
2026-08-11 21:13:31.742 +0530 [warn] [33m⚠[39m app/scripts/ticket_sidebar.js::170: Async function 'loadSidebar' has a complexity of 14. Maximum allowed is 7.
2026-08-11 21:13:31.742 +0530 [warn] [33m⚠[39m app/scripts/ticket_sidebar.js::252: Function 'normalizeTicket' has a complexity of 41. Maximum allowed is 7.
2026-08-11 21:13:31.742 +0530 [warn] [33m⚠[39m app/scripts/ticket_sidebar.js::290: Function 'normalizeRequesterData' has a complexity of 20. Maximum allowed is 7.
2026-08-11 21:13:31.742 +0530 [warn] [33m⚠[39m app/scripts/ticket_sidebar.js::399: Function 'buildCustomerEmptyState' has a complexity of 9. Maximum allowed is 7.
2026-08-11 21:13:31.742 +0530 [warn] [33m⚠[39m app/scripts/ticket_sidebar.js::418: Function 'renderHeaderCustomer' has a complexity of 8. Maximum allowed is 7.
2026-08-11 21:13:31.742 +0530 [warn] [33m⚠[39m app/scripts/ticket_sidebar.js::450: Function 'renderCustomerCard' has a complexity of 14. Maximum allowed is 7.
2026-08-11 21:13:31.742 +0530 [warn] [33m⚠[39m app/scripts/ticket_sidebar.js::533: Arrow function has a complexity of 9. Maximum allowed is 7.
2026-08-11 21:13:31.742 +0530 [warn] [33m⚠[39m app/scripts/ticket_sidebar.js::551: Arrow function has a complexity of 12. Maximum allowed is 7.
2026-08-11 21:13:31.742 +0530 [warn] [33m⚠[39m app/scripts/ticket_sidebar.js::567: Function 'renderOrderCard' has a complexity of 22. Maximum allowed is 7.
2026-08-11 21:13:31.742 +0530 [warn] [33m⚠[39m app/scripts/ticket_sidebar.js::700: Function 'renderOrderActions' has a complexity of 28. Maximum allowed is 7.
2026-08-11 21:13:31.742 +0530 [warn] [33m⚠[39m app/scripts/ticket_sidebar.js::757: Function 'renderActiveOrderPanel' has a complexity of 36. Maximum allowed is 7.
2026-08-11 21:13:31.742 +0530 [warn] [33m⚠[39m app/scripts/ticket_sidebar.js::919: Function 'renderOrderNote' has a complexity of 9. Maximum allowed is 7.
2026-08-11 21:13:31.742 +0530 [warn] [33m⚠[39m app/scripts/ticket_sidebar.js::931: Function 'renderLineItemCard' has a complexity of 10. Maximum allowed is 7.
2026-08-11 21:13:31.742 +0530 [warn] [33m⚠[39m app/scripts/ticket_sidebar.js::976: Function 'shouldCollapseEmptySection' has a complexity of 12. Maximum allowed is 7.
2026-08-11 21:13:31.742 +0530 [warn] [33m⚠[39m app/scripts/ticket_sidebar.js::1022: Async function 'handleOrderActionClick' has a complexity of 38. Maximum allowed is 7.
2026-08-11 21:13:31.742 +0530 [warn] [33m⚠[39m app/scripts/ticket_sidebar.js::1188: Function 'handleInstanceMessages' has a complexity of 14. Maximum allowed is 7.
2026-08-11 21:13:31.742 +0530 [warn] [33m⚠[39m app/scripts/ticket_sidebar.js::1422: Function 'parseInvokeResponse' has a complexity of 9. Maximum allowed is 7.
2026-08-11 21:13:31.753 +0530 [warn] [33m⚠[39m server/server.js::19: Function 'parseArgs' has a complexity of 10. Maximum allowed is 7.
2026-08-11 21:13:31.753 +0530 [warn] [33m⚠[39m server/server.js::172: Function 'formatApiErrorDetail' has a complexity of 11. Maximum allowed is 7.
2026-08-11 21:13:31.753 +0530 [warn] [33m⚠[39m server/server.js::183: Arrow function has a complexity of 10. Maximum allowed is 7.
2026-08-11 21:13:31.753 +0530 [warn] [33m⚠[39m server/server.js::216: Async function 'invokeTemplate' has a complexity of 20. Maximum allowed is 7.
2026-08-11 21:13:31.753 +0530 [warn] [33m⚠[39m server/server.js::409: Function 'normalizePrestaShopStoreRecord' has a complexity of 18. Maximum allowed is 7.
2026-08-11 21:13:31.753 +0530 [warn] [33m⚠[39m server/server.js::462: Function 'getPrestaShopFeatureFlags' has a complexity of 10. Maximum allowed is 7.
2026-08-11 21:13:31.753 +0530 [warn] [33m⚠[39m server/server.js::480: Function 'buildPrestaShopFeatureItems' has a complexity of 11. Maximum allowed is 7.
2026-08-11 21:13:31.753 +0530 [warn] [33m⚠[39m server/server.js::546: possible deprecated API usage detected
2026-08-11 21:13:31.753 +0530 [warn] [33m⚠[39m server/server.js::554: possible deprecated API usage detected
2026-08-11 21:13:31.753 +0530 [warn] [33m⚠[39m server/server.js::895: Async function 'schedulePrestaShopOrderTicketRetry' has a complexity of 9. Maximum allowed is 7.
2026-08-11 21:13:31.753 +0530 [warn] [33m⚠[39m server/server.js::1036: Function 'buildPrestaShopApiPath' has a complexity of 8. Maximum allowed is 7.
2026-08-11 21:13:31.753 +0530 [warn] [33m⚠[39m server/server.js::1114: Async function 'installPrestaShopExtensionWebhooksForStores' has a complexity of 8. Maximum allowed is 7.
2026-08-11 21:13:31.753 +0530 [warn] [33m⚠[39m server/server.js::1199: Async function 'fetchFreshdeskRequesterEmail' has a complexity of 13. Maximum allowed is 7.
2026-08-11 21:13:31.753 +0530 [warn] [33m⚠[39m server/server.js::1210: Async function 'fetchFreshdeskTicketRequesterEmail' has a complexity of 31. Maximum allowed is 7.
2026-08-11 21:13:31.753 +0530 [warn] [33m⚠[39m server/server.js::1315: Function 'normalizeAddress' has a complexity of 20. Maximum allowed is 7.
2026-08-11 21:13:31.753 +0530 [warn] [33m⚠[39m server/server.js::1360: Function 'mergePrestaShopOrderPayload' has a complexity of 12. Maximum allowed is 7.
2026-08-11 21:13:31.753 +0530 [warn] [33m⚠[39m server/server.js::1375: Arrow function has a complexity of 11. Maximum allowed is 7.
2026-08-11 21:13:31.753 +0530 [warn] [33m⚠[39m server/server.js::1435: Function 'normalizePrestaShopGroupName' has a complexity of 8. Maximum allowed is 7.
2026-08-11 21:13:31.754 +0530 [warn] [33m⚠[39m server/server.js::1444: Function 'getPrestaShopCustomerTotalSpent' has a complexity of 11. Maximum allowed is 7.
2026-08-11 21:13:31.754 +0530 [warn] [33m⚠[39m server/server.js::1467: Function 'normalizeCustomerRecord' has a complexity of 40. Maximum allowed is 7.
2026-08-11 21:13:31.754 +0530 [warn] [33m⚠[39m server/server.js::1516: Async function 'fetchPrestaShopCustomerGroupName' has a complexity of 8. Maximum allowed is 7.
2026-08-11 21:13:31.754 +0530 [warn] [33m⚠[39m server/server.js::1557: Function 'getOrderShippingAddress' has a complexity of 9. Maximum allowed is 7.
2026-08-11 21:13:31.754 +0530 [warn] [33m⚠[39m server/server.js::1565: Function 'getOrderShippingMethod' has a complexity of 9. Maximum allowed is 7.
2026-08-11 21:13:31.754 +0530 [warn] [33m⚠[39m server/server.js::1589: Function 'normalizeProductOptionRecord' has a complexity of 10. Maximum allowed is 7.
2026-08-11 21:13:31.754 +0530 [warn] [33m⚠[39m server/server.js::1599: Function 'normalizeProductOption' has a complexity of 10. Maximum allowed is 7.
2026-08-11 21:13:31.754 +0530 [warn] [33m⚠[39m server/server.js::1617: Function 'normalizeOrderLineItem' has a complexity of 19. Maximum allowed is 7.
2026-08-11 21:13:31.754 +0530 [warn] [33m⚠[39m server/server.js::1654: Function 'buildCarrierTrackingUrl' has a complexity of 13. Maximum allowed is 7.
2026-08-11 21:13:31.754 +0530 [warn] [33m⚠[39m server/server.js::1677: Function 'normalizeShipmentTrack' has a complexity of 25. Maximum allowed is 7.
2026-08-11 21:13:31.754 +0530 [warn] [33m⚠[39m server/server.js::1753: Function 'buildOrderActionAvailability' has a complexity of 9. Maximum allowed is 7.
2026-08-11 21:13:31.754 +0530 [warn] [33m⚠[39m server/server.js::1812: Function 'hasPrestaShopShippingAddress' has a complexity of 8. Maximum allowed is 7.
2026-08-11 21:13:31.754 +0530 [warn] [33m⚠[39m server/server.js::1821: Function 'normalizeOrderRecord' has a complexity of 61. Maximum allowed is 7.
2026-08-11 21:13:31.754 +0530 [warn] [33m⚠[39m server/server.js::1893: Function 'normalizeGuestCustomerFromOrder' has a complexity of 10. Maximum allowed is 7.
2026-08-11 21:13:31.754 +0530 [warn] [33m⚠[39m server/server.js::1923: Function 'buildSearchQuery' has a complexity of 9. Maximum allowed is 7.
2026-08-11 21:13:31.754 +0530 [warn] [33m⚠[39m server/server.js::1967: Function 'buildOrderSearchText' has a complexity of 8. Maximum allowed is 7.
2026-08-11 21:13:31.754 +0530 [warn] [33m⚠[39m server/server.js::2028: Async function 'searchStoreOrders' has a complexity of 9. Maximum allowed is 7.
2026-08-11 21:13:31.754 +0530 [warn] [33m⚠[39m server/server.js::2161: Function 'storeHasRegisteredCustomerEmail' has a complexity of 9. Maximum allowed is 7.
2026-08-11 21:13:31.754 +0530 [warn] [33m⚠[39m server/server.js::2210: Arrow function has a complexity of 10. Maximum allowed is 7.
2026-08-11 21:13:31.754 +0530 [warn] [33m⚠[39m server/server.js::2237: Arrow function has a complexity of 12. Maximum allowed is 7.
2026-08-11 21:13:31.754 +0530 [warn] [33m⚠[39m server/server.js::2261: Async function 'finalizePrestaShopSidebarData' has a complexity of 8. Maximum allowed is 7.
2026-08-11 21:13:31.754 +0530 [warn] [33m⚠[39m server/server.js::2301: Async function 'collectGlobalPrestaShopSearchData' has a complexity of 9. Maximum allowed is 7.
2026-08-11 21:13:31.754 +0530 [warn] [33m⚠[39m server/server.js::2357: Async function 'collectPrestaShopSidebarData' has a complexity of 26. Maximum allowed is 7.
2026-08-11 21:13:31.754 +0530 [warn] [33m⚠[39m server/server.js::2586: Function 'buildFreshdeskContactPayloadFromPrestaShopCustomer' has a complexity of 10. Maximum allowed is 7.
2026-08-11 21:13:31.754 +0530 [warn] [33m⚠[39m server/server.js::2635: Function 'normalizeFreshdeskDefaultPayloadValue' has a complexity of 9. Maximum allowed is 7.
2026-08-11 21:13:31.754 +0530 [warn] [33m⚠[39m server/server.js::2679: Arrow function has a complexity of 8. Maximum allowed is 7.
2026-08-11 21:13:31.754 +0530 [warn] [33m⚠[39m server/server.js::2714: Function 'getFreshdeskMissingCustomFieldFallback' has a complexity of 8. Maximum allowed is 7.
2026-08-11 21:13:31.754 +0530 [warn] [33m⚠[39m server/server.js::2741: Arrow function has a complexity of 9. Maximum allowed is 7.
2026-08-11 21:13:31.754 +0530 [warn] [33m⚠[39m server/server.js::2782: Async function 'syncFreshdeskContactForPrestaShopCustomer' has a complexity of 16. Maximum allowed is 7.
2026-08-11 21:13:31.755 +0530 [warn] [33m⚠[39m server/server.js::2852: Function 'buildOrderCreatedTicketDescription' has a complexity of 9. Maximum allowed is 7.
2026-08-11 21:13:31.755 +0530 [warn] [33m⚠[39m server/server.js::2878: Async function 'createFreshdeskTicketForPrestaShopEvent' has a complexity of 12. Maximum allowed is 7.
2026-08-11 21:13:31.755 +0530 [warn] [33m⚠[39m server/server.js::2908: Async function 'processPrestaShopCustomerEvent' has a complexity of 13. Maximum allowed is 7.
2026-08-11 21:13:31.755 +0530 [warn] [33m⚠[39m server/server.js::2934: Async function 'processPrestaShopOrderCreatedEvent' has a complexity of 35. Maximum allowed is 7.
2026-08-11 21:13:31.755 +0530 [warn] [33m⚠[39m server/server.js::3091: Function 'buildExternalEventPayloadDiagnostics' has a complexity of 17. Maximum allowed is 7.
2026-08-11 21:13:31.755 +0530 [warn] [33m⚠[39m server/server.js::3182: Function 'buildPrestaShopExtensionShippingPayload' has a complexity of 12. Maximum allowed is 7.
2026-08-11 21:13:31.755 +0530 [warn] [33m⚠[39m server/server.js::3251: Async method 'onExternalEvent' has a complexity of 40. Maximum allowed is 7.
2026-08-11 21:13:31.755 +0530 [warn] [33m⚠[39m server/server.js::3307: Async method 'onScheduledEvent' has a complexity of 8. Maximum allowed is 7.
2026-08-11 21:13:31.755 +0530 [warn] 
[1mYour app might be using one or more API endpoints that will be deprecated soon. Please go through the deprecation notice (https://community.freshworks.dev/t/freshservice-rest-api-v1-deprecation-notice/5899) to find alternate resources.[0m
2026-08-11 21:13:31.755 +0530 [warn] 
2026-08-11 21:13:31.755 +0530 [info] App being packed in Node v24.11.1 using FDK 10.0.1
2026-08-11 21:13:31.755 +0530 [debug] (report.js) Generating hash for report.json file
2026-08-11 21:13:31.755 +0530 [debug] (data.js) Read {"report_hash":"037e6fd250ea787d2b63ef507d51506335c3b1f8c2814fe5eb78d230e183e5a0","try_ag_101_101_migrate_oauth_status":true,"try_ag_101_101_modules":{"try_ag_101_101_system_settings":{"currentHost":{"endpoint_urls":{"freshdesk":"https://driveautomation-support.freshdesk.com"},"subscribed_modules":["support_ticket"]}},"try_ag_101_101_custom_iparams":{"domain":"driveautomation-help.freshdesk.com","api_key":"ZGlPajRKTkFqUHl5U3dUejVjeXQ6WA==","exception_statuses":["resolved","waiting_on_customer","waiting_on_third_party"]}},"try_ag_101_101_schedule_onScheduledEvent_modules":{"name":"onScheduledEvent","data":{"ticket_id":1,"subject":"Email address change","scheduled_time":1751717760000,"current_status":"6","assigned_to":{"id":null,"name":"Unassigned"},"created_by":{"id":1130000122217,"name":"Test Test"},"created_at":1751717337298},"schedule_at":"2025-07-05T12:16:00.000Z"},"try_ag_101_101_schedule_reopen_schedule_1_modules":{"name":"reopen_schedule_1","data":{"ticket_id":1,"subject":"Email address change","scheduled_time":1752048000000,"current_status":"2","created_by":{"id":1130000122217,"name":"Falcon Saas"}},"schedule_at":"2025-07-09T08:00:00.000Z","event":"onScheduledEvent"},"try-again:reopen_schedule_1_modules":{"ticket_id":1,"subject":"Email address change","scheduled_time":1752048000000,"current_status":"2","assigned_to":{"id":null,"name":"Unassigned"},"created_by":{"id":1130000122217,"name":"Falcon Saas"},"created_at":1752047511210,"createdAt":1752047511266,"updatedAt":1752047511266,"clientProduct":"freshdesk"},"try-again:reopen_schedule_keys_modules":{"0":"reopen_schedule_1","createdAt":1752047541785,"updatedAt":1752047541785,"clientProduct":"freshdesk"},"schedu_101_101_migrate_oauth_status":true}
2026-08-11 21:13:31.755 +0530 [debug] (report.js) Comparing the stored hash with report.json file hash
2026-08-11 21:13:31.757 +0530 [debug] (pack.js) Cannot find './visitor-app' directory while packing.
2026-08-11 21:13:31.758 +0530 [debug] (pack.js) Cannot find './src' directory while packing.
2026-08-11 21:13:31.759 +0530 [debug] (file.js) Computing digest for app/dashboard.html,app/icon.svg,app/index.html,app/order_action_modal.html,app/runtime.html,app/scripts/app.js,app/scripts/dashboard.js,app/scripts/order_action_modal.js,app/scripts/runtime.js,app/scripts/ticket_sidebar.js,app/ticket_sidebar.html,manifest.json.
2026-08-11 21:13:31.760 +0530 [debug] (pack.js) Packing ./app/dashboard.html
2026-08-11 21:13:31.762 +0530 [debug] (pack.js) Packing ./app/icon.svg
2026-08-11 21:13:31.762 +0530 [debug] (pack.js) Packing ./app/index.html
2026-08-11 21:13:31.763 +0530 [debug] (pack.js) Packing ./app/order_action_modal.html
2026-08-11 21:13:31.764 +0530 [debug] (pack.js) Packing ./app/runtime.html
2026-08-11 21:13:31.764 +0530 [debug] (pack.js) Packing ./app/scripts/app.js
2026-08-11 21:13:31.765 +0530 [debug] (pack.js) Packing ./app/scripts/dashboard.js
2026-08-11 21:13:31.765 +0530 [debug] (pack.js) Packing ./app/scripts/order_action_modal.js
2026-08-11 21:13:31.766 +0530 [debug] (pack.js) Packing ./app/scripts/runtime.js
2026-08-11 21:13:31.770 +0530 [debug] (pack.js) Packing ./app/scripts/ticket_sidebar.js
2026-08-11 21:13:31.774 +0530 [debug] (pack.js) Packing ./app/ticket_sidebar.html
2026-08-11 21:13:31.779 +0530 [debug] (pack.js) Packing ./server/server.js
2026-08-11 21:13:31.784 +0530 [debug] (pack.js) Packing ./config/assets/iparams.js
2026-08-11 21:13:31.786 +0530 [debug] (pack.js) Packing ./config/iparams.html
2026-08-11 21:13:31.786 +0530 [debug] (pack.js) Packing ./config/requests.json
2026-08-11 21:13:31.787 +0530 [debug] (pack.js) Packing ./manifest.json
2026-08-11 21:13:31.787 +0530 [debug] (pack.js) Packing ./.report.json
2026-08-11 21:13:31.787 +0530 [debug] (pack.js) Packing ./.meta.json
2026-08-11 21:13:31.787 +0530 [debug] (pack.js) Packing ./digest.md5
2026-08-11 21:13:31.797 +0530 [debug] (validate.js) asked to skip the following validations, 
2026-08-11 21:13:31.797 +0530 [debug] (validate.js) skipping validator actions
2026-08-11 21:13:31.797 +0530 [debug] (validate.js) skipping validator requests
2026-08-11 21:13:31.797 +0530 [debug] (validate.js) skipping validator app-dir
2026-08-11 21:13:31.797 +0530 [debug] (validate.js) skipping validator config-dir
2026-08-11 21:13:31.797 +0530 [debug] (validate.js) skipping validator custom-objects
2026-08-11 21:13:31.797 +0530 [debug] (validate.js) skipping validator event
2026-08-11 21:13:31.797 +0530 [debug] (validate.js) skipping validator iparam
2026-08-11 21:13:31.797 +0530 [debug] (validate.js) skipping validator lint
2026-08-11 21:13:31.797 +0530 [debug] (validate.js) skipping validator manifest
2026-08-11 21:13:31.797 +0530 [debug] (validate.js) skipping validator manifest-dependency
2026-08-11 21:13:31.797 +0530 [debug] (validate.js) skipping validator oauth
2026-08-11 21:13:31.797 +0530 [debug] (validate.js) running validator pkgsize
2026-08-11 21:13:31.798 +0530 [debug] (validate.js) skipping validator schema
2026-08-11 21:13:31.798 +0530 [debug] (validate.js) skipping validator version-check
2026-08-11 21:13:31.798 +0530 [debug] (validate.js) skipping validator app-settings
2026-08-11 21:13:31.798 +0530 [info] App packed successfully at /dist/PrestaConnector.zip
2026-08-11 21:13:31.798 +0530 [info] Upload this file to the marketplace by following the instructions at https://developers.freshworks.com/docs/app-sdk/v3.0/common/app-submission-process/
2026-08-11 21:13:31.798 +0530 [debug] (file.js) Deleting digest.
2026-08-11 21:13:31.805 +0530 [debug] (report.js) Generating hash for report.json file
2026-08-11 21:22:35.877 +0530 [debug] (configs.js) loaded default configs as "{"updates":{"manifest_url":"https://cdn.freshdev.io/assets/fdk/updates.json","changelog_url":"https://cdn.freshdev.io/assets/fdk/change-log.json","period":24},"log":{"level":"info"},"javascript":{"ecma_version":2020},"request":{"timeout":15000},"global_apps":{"enabled":true},"easel":{"enabled":false},"job":{"timeout":120000}}"
2026-08-11 21:22:35.880 +0530 [debug] (configs.js) loaded global configs as "{"request":{"timeout":15000},"global_apps":{"enabled":"true"},"job":{"timeout":120000}}"
2026-08-11 21:22:35.880 +0530 [debug] (configs.js) loaded local configs as "{"global_apps":{"enabled":"true"},"request":{"timeout":15000},"job":{"timeout":120000}}"
2026-08-11 21:22:35.880 +0530 [debug] (configs.js) loaded env configs as "{"updates":{},"log":{},"javascript":{},"request":{"timeout":15000},"job":{"timeout":120000}}"
2026-08-11 21:22:35.880 +0530 [debug] (configs.js) loaded resolved configs as "{"updates":{"manifest_url":"https://cdn.freshdev.io/assets/fdk/updates.json","changelog_url":"https://cdn.freshdev.io/assets/fdk/change-log.json","period":24},"log":{"level":"info"},"javascript":{"ecma_version":2020},"request":{"timeout":15000},"global_apps":{"enabled":"true"},"easel":{"enabled":false},"job":{"timeout":120000}}"
2026-08-11 21:22:35.880 +0530 [debug] (logger.js) Starting FDK in node v24.11.1 on darwin
2026-08-11 21:22:35.880 +0530 [debug] (sequelize.js) setting up sqilite at "/Users/akashram/Desktop/fw Projects/PrestaConnector/.fdk/store.sqlite"
2026-08-11 21:22:35.880 +0530 [debug] (data.js) Read {"version_details":{"cli":{"deprecated":{"version":"<9","message":"This FDK version has been deprecated. There will be no further feature updates to this version. For a seamless app-building experience, ensure to move to the latest FDK version. For more information, see https://developers.freshworks.com/docs/app-sdk/v2.3/freshdesk/migration-guide/#migrate-to-the-latest-platform-version."},"forced":{"version":"7.0.0","command":"npm install https://dl.freshdev.io/cli/fdk-7.0.0.tgz -g","message":"Your FDK version has been forced updated to v7.0.0, please visit https://community.developers.freshworks.com/t/fdk-v7-0-announcing-node-js-v12-and-es6-support/3606 to know more"},"latest":{"version":"10.1.9","command":"npm install https://cdn.freshdev.io/fdk/latest-v24.tgz -g","message":"You are on the latest FDK version. For information on the features available as part of this FDK version, see https://developers.freshworks.com/docs/?tab=modules."}},"addon":{"version":"2.2.9","url":"https://cdn.freshdev.io/assets/fdk/addons/addon.zip"}},"last_updated":{"time_stamp":1786446561575}}
2026-08-11 21:22:35.880 +0530 [debug] (updater.js) last check less than 24 hours ago, not looking for updates
2026-08-11 21:22:35.881 +0530 [debug] (index.js) running with opts {}
2026-08-11 21:22:35.889 +0530 [debug] (data.js) Read {"version_details":{"cli":{"deprecated":{"version":"<9","message":"This FDK version has been deprecated. There will be no further feature updates to this version. For a seamless app-building experience, ensure to move to the latest FDK version. For more information, see https://developers.freshworks.com/docs/app-sdk/v2.3/freshdesk/migration-guide/#migrate-to-the-latest-platform-version."},"forced":{"version":"7.0.0","command":"npm install https://dl.freshdev.io/cli/fdk-7.0.0.tgz -g","message":"Your FDK version has been forced updated to v7.0.0, please visit https://community.developers.freshworks.com/t/fdk-v7-0-announcing-node-js-v12-and-es6-support/3606 to know more"},"latest":{"version":"10.1.9","command":"npm install https://cdn.freshdev.io/fdk/latest-v24.tgz -g","message":"You are on the latest FDK version. For information on the features available as part of this FDK version, see https://developers.freshworks.com/docs/?tab=modules."}},"addon":{"version":"2.2.9","url":"https://cdn.freshdev.io/assets/fdk/addons/addon.zip"}},"last_updated":{"time_stamp":1786446561575}}
2026-08-11 21:22:35.891 +0530 [debug] (manifest.js) Reloading manifest with {"platform-version":"3.0","modules":{"common":{"location":{"full_page_app":{"url":"dashboard.html","icon":"icon.svg"}},"requests":{"verify_freshdesk_credentials":{},"verify_prestashop_store_live":{},"freshdesk_get_live":{},"freshdesk_post_live":{},"freshdesk_put_live":{},"prestashop_get_live":{},"prestashop_post_live":{},"prestashop_put_live":{},"prestashop_delete_live":{}},"events":{"onAppInstall":{"handler":"onAppInstall"},"afterAppUpdate":{"handler":"afterAppUpdate"},"onAppUninstall":{"handler":"onAppUninstall"},"onExternalEvent":{"handler":"onExternalEvent"},"onScheduledEvent":{"handler":"onScheduledEvent"}},"functions":{"getDashboardData":{},"getSidebarData":{},"persistPrestaShopStoresSecurely":{},"reconnectPrestaShopSync":{},"getPrestaShopOrderNotes":{},"addPrestaShopOrderNote":{},"applyPrestaShopOrderCoupon":{},"refundPrestaShopOrder":{},"cancelPrestaShopOrder":{},"updatePrestaShopOrderShipping":{}}},"support_ticket":{"events":{"onTicketUpdate":{"handler":"handleTicketUpdate"},"onConversationCreate":{"handler":"handleConversationCreate"}},"location":{"ticket_sidebar":{"url":"ticket_sidebar.html","icon":"icon.svg"}}}},"engines":{"node":"24.11.0","fdk":"10.0.1"},"app":{"tracking_id":"s9hytuyr897n65hk7927","start_time":"2025-06-07T14:05:19.420Z"}}.
2026-08-11 21:22:35.891 +0530 [debug] (manifest.js) Inferred db,backend as features.
2026-08-11 21:22:35.891 +0530 [debug] (data.js) Read {"version_details":{"cli":{"deprecated":{"version":"<9","message":"This FDK version has been deprecated. There will be no further feature updates to this version. For a seamless app-building experience, ensure to move to the latest FDK version. For more information, see https://developers.freshworks.com/docs/app-sdk/v2.3/freshdesk/migration-guide/#migrate-to-the-latest-platform-version."},"forced":{"version":"7.0.0","command":"npm install https://dl.freshdev.io/cli/fdk-7.0.0.tgz -g","message":"Your FDK version has been forced updated to v7.0.0, please visit https://community.developers.freshworks.com/t/fdk-v7-0-announcing-node-js-v12-and-es6-support/3606 to know more"},"latest":{"version":"10.1.9","command":"npm install https://cdn.freshdev.io/fdk/latest-v24.tgz -g","message":"You are on the latest FDK version. For information on the features available as part of this FDK version, see https://developers.freshworks.com/docs/?tab=modules."}},"addon":{"version":"2.2.9","url":"https://cdn.freshdev.io/assets/fdk/addons/addon.zip"}},"last_updated":{"time_stamp":1786446561575}}
2026-08-11 21:22:36.007 +0530 [debug] (coverage.js) INIT: About to merge initial coverage data with 3 files
2026-08-11 21:22:36.008 +0530 [debug] (coverage.js) INIT: After merge - Files in map: 3
2026-08-11 21:22:36.025 +0530 [debug] (index.js) Initializing AJV schemas from individual files
2026-08-11 21:22:36.025 +0530 [debug] (index.js) Compiling schemas...
2026-08-11 21:22:36.030 +0530 [debug] (index.js) All schemas compiled successfully
2026-08-11 21:22:36.167 +0530 [debug] (index.js) 'schema: ' [object Object]
2026-08-11 21:22:36.171 +0530 [debug] (index.js) 'schema: ' [object Object]
2026-08-11 21:22:36.171 +0530 [debug] (index.js) 'schema: ' [object Object]
2026-08-11 21:22:36.171 +0530 [debug] (index.js) 'schema: ' [object Object]
2026-08-11 21:22:36.172 +0530 [debug] (index.js) 'schema: ' [object Object]
2026-08-11 21:22:36.173 +0530 [debug] (index.js) 'schema: ' [object Object]
2026-08-11 21:22:36.173 +0530 [debug] (index.js) 'schema: ' [object Object]
2026-08-11 21:22:36.176 +0530 [debug] (index.js) 'schema: ' [object Object]
2026-08-11 21:22:36.176 +0530 [debug] (index.js) 'schema: ' [object Object]
2026-08-11 21:22:36.176 +0530 [debug] (index.js) 'schema: ' [object Object]
2026-08-11 21:22:36.178 +0530 [debug] (index.js) 'schema: ' [object Object]
2026-08-11 21:22:36.179 +0530 [debug] (index.js) 'schema: ' [object Object]
2026-08-11 21:22:36.180 +0530 [debug] (index.js) 'schema: ' [object Object]
2026-08-11 21:22:36.180 +0530 [debug] (index.js) 'schema: ' [object Object]
2026-08-11 21:22:36.180 +0530 [debug] (index.js) 'schema: ' [object Object]
2026-08-11 21:22:36.181 +0530 [debug] (index.js) 'schema: ' [object Object]
2026-08-11 21:22:36.181 +0530 [debug] (index.js) 'schema: ' [object Object]
2026-08-11 21:22:36.186 +0530 [debug] (index.js) 'schema: ' [object Object]
2026-08-11 21:22:36.377 +0530 [debug] (validate.js) asked to skip the following validations, 
2026-08-11 21:22:36.378 +0530 [debug] (validate.js) running validator actions
2026-08-11 21:22:36.378 +0530 [debug] (validate.js) running validator requests
2026-08-11 21:22:36.378 +0530 [debug] (requests.js) validating request template for "verify_freshdesk_credentials"
2026-08-11 21:22:36.378 +0530 [debug] (validate.js) running validator app-dir
2026-08-11 21:22:36.378 +0530 [debug] (validate.js) running validator config-dir
2026-08-11 21:22:36.378 +0530 [debug] (config-dir.js) Checking to see if /Users/akashram/Desktop/fw Projects/PrestaConnector/config/ exists.
2026-08-11 21:22:36.378 +0530 [debug] (config-dir.js) Fetched the following config files assets,iparams.html,requests.json
2026-08-11 21:22:36.378 +0530 [debug] (validate.js) running validator custom-objects
2026-08-11 21:22:36.378 +0530 [debug] (validate.js) running validator event
2026-08-11 21:22:36.392 +0530 [debug] (event.js) Found ["onAppInstall","afterAppUpdate","onAppUninstall","onExternalEvent","onScheduledEvent","getDashboardData","getSidebarData","persistPrestaShopStoresSecurely","reconnectPrestaShopSync","getPrestaShopOrderNotes","addPrestaShopOrderNote","applyPrestaShopOrderCoupon","refundPrestaShopOrder","cancelPrestaShopOrder","updatePrestaShopOrderShipping","handleTicketUpdate","handleConversationCreate"] as exported functions.
2026-08-11 21:22:36.393 +0530 [debug] (validate.js) running validator iparam
2026-08-11 21:22:36.402 +0530 [debug] (validate.js) running validator lint
2026-08-11 21:22:36.402 +0530 [debug] (lint.js) passed fix flag: undefined
2026-08-11 21:22:36.403 +0530 [debug] (lint.js) Running the following lints on the file app/scripts/app.js : no-eval,no-alert,no-debugger,no-unreachable,no-duplicate-imports,constructor-super,for-direction,no-class-assign,no-new-native-nonconstructor,valid-typeof,no-eq-null,no-var,require-await,no-unreachable-loop,no-redeclare,no-self-assign,no-setter-return,no-shadow-restricted-names,no-this-before-super,no-unsafe-finally,no-unsafe-optional-chaining,no-unused-vars,no-useless-catch,eqeqeq,prefer-const,require-yield,no-global-assign,no-caller,no-process-env,complexity,max-nested-callbacks,handle-callback-err,getter-return,no-async-promise-executor,no-case-declarations,no-compare-neg-zero,no-cond-assign,no-const-assign,no-constant-condition,no-control-regex,no-delete-var,no-dupe-args,no-dupe-class-members,no-dupe-else-if,no-dupe-keys,no-duplicate-case,no-empty,no-empty-character-class,no-empty-pattern,no-ex-assign,no-extra-boolean-cast,no-extra-semi,no-fallthrough,no-func-assign,no-import-assign,no-inner-declarations,no-invalid-regexp,no-irregular-whitespace,no-loss-of-precision,no-misleading-character-class,no-mixed-spaces-and-tabs,no-nonoctal-decimal-escape,no-obj-calls,no-octal,no-prototype-builtins,no-regex-spaces,no-sparse-arrays,no-unexpected-multiline,no-unsafe-negation,no-unused-labels,no-useless-backreference,no-useless-escape,no-with,use-isnan,no-unpkg-cdn,no-proxy-requests,no-unhandled-promise,no-logging-rejections,no-non-client-request-model,no-deprecated-apis,no-cross-scope-assign,no-empty-function
2026-08-11 21:22:36.460 +0530 [debug] (lint.js) Running the following lints on the file app/scripts/dashboard.js : no-eval,no-alert,no-debugger,no-unreachable,no-duplicate-imports,constructor-super,for-direction,no-class-assign,no-new-native-nonconstructor,valid-typeof,no-eq-null,no-var,require-await,no-unreachable-loop,no-redeclare,no-self-assign,no-setter-return,no-shadow-restricted-names,no-this-before-super,no-unsafe-finally,no-unsafe-optional-chaining,no-unused-vars,no-useless-catch,eqeqeq,prefer-const,require-yield,no-global-assign,no-caller,no-process-env,complexity,max-nested-callbacks,handle-callback-err,getter-return,no-async-promise-executor,no-case-declarations,no-compare-neg-zero,no-cond-assign,no-const-assign,no-constant-condition,no-control-regex,no-delete-var,no-dupe-args,no-dupe-class-members,no-dupe-else-if,no-dupe-keys,no-duplicate-case,no-empty,no-empty-character-class,no-empty-pattern,no-ex-assign,no-extra-boolean-cast,no-extra-semi,no-fallthrough,no-func-assign,no-import-assign,no-inner-declarations,no-invalid-regexp,no-irregular-whitespace,no-loss-of-precision,no-misleading-character-class,no-mixed-spaces-and-tabs,no-nonoctal-decimal-escape,no-obj-calls,no-octal,no-prototype-builtins,no-regex-spaces,no-sparse-arrays,no-unexpected-multiline,no-unsafe-negation,no-unused-labels,no-useless-backreference,no-useless-escape,no-with,use-isnan,no-unpkg-cdn,no-proxy-requests,no-unhandled-promise,no-logging-rejections,no-non-client-request-model,no-deprecated-apis,no-cross-scope-assign,no-empty-function
2026-08-11 21:22:36.468 +0530 [debug] (lint.js) Running the following lints on the file app/scripts/order_action_modal.js : no-eval,no-alert,no-debugger,no-unreachable,no-duplicate-imports,constructor-super,for-direction,no-class-assign,no-new-native-nonconstructor,valid-typeof,no-eq-null,no-var,require-await,no-unreachable-loop,no-redeclare,no-self-assign,no-setter-return,no-shadow-restricted-names,no-this-before-super,no-unsafe-finally,no-unsafe-optional-chaining,no-unused-vars,no-useless-catch,eqeqeq,prefer-const,require-yield,no-global-assign,no-caller,no-process-env,complexity,max-nested-callbacks,handle-callback-err,getter-return,no-async-promise-executor,no-case-declarations,no-compare-neg-zero,no-cond-assign,no-const-assign,no-constant-condition,no-control-regex,no-delete-var,no-dupe-args,no-dupe-class-members,no-dupe-else-if,no-dupe-keys,no-duplicate-case,no-empty,no-empty-character-class,no-empty-pattern,no-ex-assign,no-extra-boolean-cast,no-extra-semi,no-fallthrough,no-func-assign,no-import-assign,no-inner-declarations,no-invalid-regexp,no-irregular-whitespace,no-loss-of-precision,no-misleading-character-class,no-mixed-spaces-and-tabs,no-nonoctal-decimal-escape,no-obj-calls,no-octal,no-prototype-builtins,no-regex-spaces,no-sparse-arrays,no-unexpected-multiline,no-unsafe-negation,no-unused-labels,no-useless-backreference,no-useless-escape,no-with,use-isnan,no-unpkg-cdn,no-proxy-requests,no-unhandled-promise,no-logging-rejections,no-non-client-request-model,no-deprecated-apis,no-cross-scope-assign,no-empty-function
2026-08-11 21:22:36.478 +0530 [debug] (lint.js) Running the following lints on the file app/scripts/runtime.js : no-eval,no-alert,no-debugger,no-unreachable,no-duplicate-imports,constructor-super,for-direction,no-class-assign,no-new-native-nonconstructor,valid-typeof,no-eq-null,no-var,require-await,no-unreachable-loop,no-redeclare,no-self-assign,no-setter-return,no-shadow-restricted-names,no-this-before-super,no-unsafe-finally,no-unsafe-optional-chaining,no-unused-vars,no-useless-catch,eqeqeq,prefer-const,require-yield,no-global-assign,no-caller,no-process-env,complexity,max-nested-callbacks,handle-callback-err,getter-return,no-async-promise-executor,no-case-declarations,no-compare-neg-zero,no-cond-assign,no-const-assign,no-constant-condition,no-control-regex,no-delete-var,no-dupe-args,no-dupe-class-members,no-dupe-else-if,no-dupe-keys,no-duplicate-case,no-empty,no-empty-character-class,no-empty-pattern,no-ex-assign,no-extra-boolean-cast,no-extra-semi,no-fallthrough,no-func-assign,no-import-assign,no-inner-declarations,no-invalid-regexp,no-irregular-whitespace,no-loss-of-precision,no-misleading-character-class,no-mixed-spaces-and-tabs,no-nonoctal-decimal-escape,no-obj-calls,no-octal,no-prototype-builtins,no-regex-spaces,no-sparse-arrays,no-unexpected-multiline,no-unsafe-negation,no-unused-labels,no-useless-backreference,no-useless-escape,no-with,use-isnan,no-unpkg-cdn,no-proxy-requests,no-unhandled-promise,no-logging-rejections,no-non-client-request-model,no-deprecated-apis,no-cross-scope-assign,no-empty-function
2026-08-11 21:22:36.523 +0530 [debug] (lint.js) Running the following lints on the file app/scripts/ticket_sidebar.js : no-eval,no-alert,no-debugger,no-unreachable,no-duplicate-imports,constructor-super,for-direction,no-class-assign,no-new-native-nonconstructor,valid-typeof,no-eq-null,no-var,require-await,no-unreachable-loop,no-redeclare,no-self-assign,no-setter-return,no-shadow-restricted-names,no-this-before-super,no-unsafe-finally,no-unsafe-optional-chaining,no-unused-vars,no-useless-catch,eqeqeq,prefer-const,require-yield,no-global-assign,no-caller,no-process-env,complexity,max-nested-callbacks,handle-callback-err,getter-return,no-async-promise-executor,no-case-declarations,no-compare-neg-zero,no-cond-assign,no-const-assign,no-constant-condition,no-control-regex,no-delete-var,no-dupe-args,no-dupe-class-members,no-dupe-else-if,no-dupe-keys,no-duplicate-case,no-empty,no-empty-character-class,no-empty-pattern,no-ex-assign,no-extra-boolean-cast,no-extra-semi,no-fallthrough,no-func-assign,no-import-assign,no-inner-declarations,no-invalid-regexp,no-irregular-whitespace,no-loss-of-precision,no-misleading-character-class,no-mixed-spaces-and-tabs,no-nonoctal-decimal-escape,no-obj-calls,no-octal,no-prototype-builtins,no-regex-spaces,no-sparse-arrays,no-unexpected-multiline,no-unsafe-negation,no-unused-labels,no-useless-backreference,no-useless-escape,no-with,use-isnan,no-unpkg-cdn,no-proxy-requests,no-unhandled-promise,no-logging-rejections,no-non-client-request-model,no-deprecated-apis,no-cross-scope-assign,no-empty-function
2026-08-11 21:22:36.545 +0530 [debug] (lint.js) Running the following lints on the file server/server.js : no-eval,no-alert,no-debugger,no-unreachable,no-duplicate-imports,constructor-super,for-direction,no-class-assign,no-new-native-nonconstructor,valid-typeof,no-eq-null,no-var,require-await,no-unreachable-loop,no-redeclare,no-self-assign,no-setter-return,no-shadow-restricted-names,no-this-before-super,no-unsafe-finally,no-unsafe-optional-chaining,no-unused-vars,no-useless-catch,eqeqeq,prefer-const,require-yield,no-global-assign,no-caller,no-process-env,complexity,max-nested-callbacks,handle-callback-err,getter-return,no-async-promise-executor,no-case-declarations,no-compare-neg-zero,no-cond-assign,no-const-assign,no-constant-condition,no-control-regex,no-delete-var,no-dupe-args,no-dupe-class-members,no-dupe-else-if,no-dupe-keys,no-duplicate-case,no-empty,no-empty-character-class,no-empty-pattern,no-ex-assign,no-extra-boolean-cast,no-extra-semi,no-fallthrough,no-func-assign,no-import-assign,no-inner-declarations,no-invalid-regexp,no-irregular-whitespace,no-loss-of-precision,no-misleading-character-class,no-mixed-spaces-and-tabs,no-nonoctal-decimal-escape,no-obj-calls,no-octal,no-prototype-builtins,no-regex-spaces,no-sparse-arrays,no-unexpected-multiline,no-unsafe-negation,no-unused-labels,no-useless-backreference,no-useless-escape,no-with,use-isnan,no-unpkg-cdn,no-proxy-requests,no-unhandled-promise,no-logging-rejections,no-non-client-request-model,no-deprecated-apis,no-dependency-mismatch,no-empty-function
2026-08-11 21:22:36.607 +0530 [debug] (lint.js) Running the following lints on the file config/assets/iparams.js : no-unpkg-cdn,no-proxy-requests,no-logging-rejections
2026-08-11 21:22:36.626 +0530 [debug] (validate.js) running validator manifest
2026-08-11 21:22:36.626 +0530 [debug] (validate.js) running validator manifest-dependency
2026-08-11 21:22:36.626 +0530 [debug] (validate.js) running validator oauth
2026-08-11 21:22:36.626 +0530 [debug] (validate.js) skipping validator pkgsize
2026-08-11 21:22:36.626 +0530 [debug] (validate.js) skipping validator schema
2026-08-11 21:22:36.626 +0530 [debug] (validate.js) running validator version-check
2026-08-11 21:22:36.626 +0530 [debug] (validate.js) running validator app-settings
2026-08-11 21:22:36.631 +0530 [debug] (event.js) Found ["onAppInstall","afterAppUpdate","onAppUninstall","onExternalEvent","onScheduledEvent","getDashboardData","getSidebarData","persistPrestaShopStoresSecurely","reconnectPrestaShopSync","getPrestaShopOrderNotes","addPrestaShopOrderNote","applyPrestaShopOrderCoupon","refundPrestaShopOrder","cancelPrestaShopOrder","updatePrestaShopOrderShipping","handleTicketUpdate","handleConversationCreate"] as exported functions.
2026-08-11 21:22:36.631 +0530 [debug] (manifest.js) Validating function getDashboardData
2026-08-11 21:22:36.632 +0530 [debug] (http.js) Failed to parse URL: https://<%= context.domain %>, error: Invalid URL
2026-08-11 21:22:36.632 +0530 [debug] (manifest.js) Validating function getSidebarData
2026-08-11 21:22:36.632 +0530 [debug] (requests.js) validating request template for "verify_prestashop_store_live"
2026-08-11 21:22:36.632 +0530 [debug] (manifest.js) Validating function persistPrestaShopStoresSecurely
2026-08-11 21:22:36.632 +0530 [debug] (http.js) Failed to parse URL: https://<%= context.store_host %>, error: Invalid URL
2026-08-11 21:22:36.632 +0530 [debug] (manifest.js) Validating function reconnectPrestaShopSync
2026-08-11 21:22:36.632 +0530 [debug] (requests.js) validating request template for "freshdesk_get_live"
2026-08-11 21:22:36.632 +0530 [debug] (manifest.js) Validating function getPrestaShopOrderNotes
2026-08-11 21:22:36.632 +0530 [debug] (http.js) Failed to parse URL: https://<%= context.domain %>, error: Invalid URL
2026-08-11 21:22:36.632 +0530 [debug] (manifest.js) Validating function addPrestaShopOrderNote
2026-08-11 21:22:36.632 +0530 [debug] (requests.js) validating request template for "freshdesk_post_live"
2026-08-11 21:22:36.632 +0530 [debug] (manifest.js) Validating function applyPrestaShopOrderCoupon
2026-08-11 21:22:36.632 +0530 [debug] (http.js) Failed to parse URL: https://<%= context.domain %>, error: Invalid URL
2026-08-11 21:22:36.632 +0530 [debug] (manifest.js) Validating function refundPrestaShopOrder
2026-08-11 21:22:36.632 +0530 [debug] (requests.js) validating request template for "freshdesk_put_live"
2026-08-11 21:22:36.632 +0530 [debug] (manifest.js) Validating function cancelPrestaShopOrder
2026-08-11 21:22:36.632 +0530 [debug] (http.js) Failed to parse URL: https://<%= context.domain %>, error: Invalid URL
2026-08-11 21:22:36.632 +0530 [debug] (manifest.js) Validating function updatePrestaShopOrderShipping
2026-08-11 21:22:36.632 +0530 [debug] (requests.js) validating request template for "prestashop_get_live"
2026-08-11 21:22:36.632 +0530 [debug] (http.js) Failed to parse URL: https://<%= context.store_host %>, error: Invalid URL
2026-08-11 21:22:36.632 +0530 [debug] (requests.js) validating request template for "prestashop_post_live"
2026-08-11 21:22:36.634 +0530 [debug] (http.js) Failed to parse URL: https://<%= context.store_host %>, error: Invalid URL
2026-08-11 21:22:36.634 +0530 [debug] (requests.js) validating request template for "prestashop_put_live"
2026-08-11 21:22:36.634 +0530 [debug] (http.js) Failed to parse URL: https://<%= context.domain %>, error: Invalid URL
2026-08-11 21:22:36.634 +0530 [debug] (http.js) Failed to parse URL: https://<%= context.store_host %>, error: Invalid URL
2026-08-11 21:22:36.634 +0530 [debug] (request.js) Checking request template for multi-oauth app
2026-08-11 21:22:36.634 +0530 [debug] (requests.js) validating request template for "prestashop_delete_live"
2026-08-11 21:22:36.634 +0530 [debug] (http.js) Failed to parse URL: https://<%= context.store_host %>, error: Invalid URL
2026-08-11 21:22:36.634 +0530 [debug] (http.js) Failed to parse URL: https://<%= context.store_host %>, error: Invalid URL
2026-08-11 21:22:36.634 +0530 [debug] (request.js) Checking request template for multi-oauth app
2026-08-11 21:22:36.634 +0530 [debug] (http.js) Failed to parse URL: https://<%= context.domain %>, error: Invalid URL
2026-08-11 21:22:36.634 +0530 [debug] (request.js) Checking request template for multi-oauth app
2026-08-11 21:22:36.634 +0530 [debug] (http.js) Failed to parse URL: https://<%= context.domain %>, error: Invalid URL
2026-08-11 21:22:36.634 +0530 [debug] (request.js) Checking request template for multi-oauth app
2026-08-11 21:22:36.634 +0530 [debug] (http.js) Failed to parse URL: https://<%= context.domain %>, error: Invalid URL
2026-08-11 21:22:36.634 +0530 [debug] (request.js) Checking request template for multi-oauth app
2026-08-11 21:22:36.634 +0530 [debug] (http.js) Failed to parse URL: https://<%= context.store_host %>, error: Invalid URL
2026-08-11 21:22:36.634 +0530 [debug] (request.js) Checking request template for multi-oauth app
2026-08-11 21:22:36.634 +0530 [debug] (http.js) Failed to parse URL: https://<%= context.store_host %>, error: Invalid URL
2026-08-11 21:22:36.634 +0530 [debug] (request.js) Checking request template for multi-oauth app
2026-08-11 21:22:36.634 +0530 [debug] (http.js) Failed to parse URL: https://<%= context.store_host %>, error: Invalid URL
2026-08-11 21:22:36.634 +0530 [debug] (request.js) Checking request template for multi-oauth app
2026-08-11 21:22:36.634 +0530 [debug] (http.js) Failed to parse URL: https://<%= context.store_host %>, error: Invalid URL
2026-08-11 21:22:36.634 +0530 [debug] (request.js) Checking request template for multi-oauth app
2026-08-11 21:22:36.636 +0530 [warn] Please ensure that the following are addressed for quick review process:
2026-08-11 21:22:36.636 +0530 [warn] ⚠ app/scripts/app.js::28: 'client' declared and assigned in different scopes. Possible asynchronous race condition.
2026-08-11 21:22:36.636 +0530 [warn] ⚠ app/scripts/app.js::92: Function 'render' has a complexity of 8. Maximum allowed is 7.
2026-08-11 21:22:36.636 +0530 [warn] ⚠ app/scripts/app.js::170: Function 'parseInvokeResponse' has a complexity of 9. Maximum allowed is 7.
2026-08-11 21:22:36.636 +0530 [warn] ⚠ app/scripts/dashboard.js::35: 'client' declared and assigned in different scopes. Possible asynchronous race condition.
2026-08-11 21:22:36.636 +0530 [warn] ⚠ app/scripts/dashboard.js::102: Function 'render' has a complexity of 17. Maximum allowed is 7.
2026-08-11 21:22:36.636 +0530 [warn] ⚠ app/scripts/dashboard.js::151: Arrow function has a complexity of 8. Maximum allowed is 7.
2026-08-11 21:22:36.636 +0530 [warn] ⚠ app/scripts/dashboard.js::177: Arrow function has a complexity of 9. Maximum allowed is 7.
2026-08-11 21:22:36.636 +0530 [warn] ⚠ app/scripts/dashboard.js::224: Function 'parseInvokeResponse' has a complexity of 9. Maximum allowed is 7.
2026-08-11 21:22:36.636 +0530 [warn] ⚠ app/scripts/order_action_modal.js::30: 'client' declared and assigned in different scopes. Possible asynchronous race condition.
2026-08-11 21:22:36.636 +0530 [warn] ⚠ app/scripts/order_action_modal.js::32: 'modalData' declared and assigned in different scopes. Possible asynchronous race condition.
2026-08-11 21:22:36.636 +0530 [warn] ⚠ app/scripts/order_action_modal.js::33: 'selectedOrder' declared and assigned in different scopes. Possible asynchronous race condition.
2026-08-11 21:22:36.636 +0530 [warn] ⚠ app/scripts/order_action_modal.js::34: 'selectedMode' declared and assigned in different scopes. Possible asynchronous race condition.
2026-08-11 21:22:36.636 +0530 [warn] ⚠ app/scripts/order_action_modal.js::74: Function 'renderModal' has a complexity of 8. Maximum allowed is 7.
2026-08-11 21:22:36.636 +0530 [warn] ⚠ app/scripts/order_action_modal.js::105: Function 'populateRefundForm' has a complexity of 11. Maximum allowed is 7.
2026-08-11 21:22:36.636 +0530 [warn] ⚠ app/scripts/order_action_modal.js::126: Function 'renderRefundItemRow' has a complexity of 12. Maximum allowed is 7.
2026-08-11 21:22:36.636 +0530 [warn] ⚠ app/scripts/order_action_modal.js::269: Async function 'notifySidebar' has a complexity of 8. Maximum allowed is 7.
2026-08-11 21:22:36.636 +0530 [warn] ⚠ app/scripts/order_action_modal.js::377: 'submitting' declared and assigned in different scopes. Possible asynchronous race condition.
2026-08-11 21:22:36.636 +0530 [warn] ⚠ app/scripts/runtime.js::67: 'client' declared and assigned in different scopes. Possible asynchronous race condition.
2026-08-11 21:22:36.636 +0530 [warn] ⚠ app/scripts/runtime.js::520: Async function 'applyRules' has a complexity of 24. Maximum allowed is 7.
2026-08-11 21:22:36.636 +0530 [warn] ⚠ app/scripts/runtime.js::885: Arrow function has a complexity of 14. Maximum allowed is 7.
2026-08-11 21:22:36.636 +0530 [warn] ⚠ app/scripts/runtime.js::941: Async function 'applyFieldOptions' has a complexity of 26. Maximum allowed is 7.
2026-08-11 21:22:36.637 +0530 [warn] ⚠ app/scripts/runtime.js::1118: Async function 'runPostSetOptionsPayloads' has a complexity of 11. Maximum allowed is 7.
2026-08-11 21:22:36.637 +0530 [warn] ⚠ app/scripts/runtime.js::1328: Arrow function has a complexity of 11. Maximum allowed is 7.
2026-08-11 21:22:36.637 +0530 [warn] ⚠ app/scripts/runtime.js::1364: Async function 'resolveAvailableOptions' has a complexity of 10. Maximum allowed is 7.
2026-08-11 21:22:36.637 +0530 [warn] ⚠ app/scripts/runtime.js::1416: possible deprecated API usage detected
2026-08-11 21:22:36.637 +0530 [warn] ⚠ app/scripts/runtime.js::1423: Function 'resolveDependentHierarchyOptionRecords' has a complexity of 14. Maximum allowed is 7.
2026-08-11 21:22:36.637 +0530 [warn] ⚠ app/scripts/runtime.js::1470: Arrow function has a complexity of 9. Maximum allowed is 7.
2026-08-11 21:22:36.637 +0530 [warn] ⚠ app/scripts/runtime.js::1507: Function 'choiceNodeMatchesHiddenValue' has a complexity of 11. Maximum allowed is 7.
2026-08-11 21:22:36.637 +0530 [warn] ⚠ app/scripts/runtime.js::1568: Function 'buildDependentOptionPayload' has a complexity of 11. Maximum allowed is 7.
2026-08-11 21:22:36.637 +0530 [warn] ⚠ app/scripts/runtime.js::1921: Function 'getDependentRootOptionValues' has a complexity of 8. Maximum allowed is 7.
2026-08-11 21:22:36.637 +0530 [warn] ⚠ app/scripts/runtime.js::1945: Function 'getDependentRootElementId' has a complexity of 8. Maximum allowed is 7.
2026-08-11 21:22:36.637 +0530 [warn] ⚠ app/scripts/runtime.js::1971: Arrow function has a complexity of 8. Maximum allowed is 7.
2026-08-11 21:22:36.637 +0530 [warn] ⚠ app/scripts/runtime.js::1995: Function 'resolveOptionPayloadStrategies' has a complexity of 8. Maximum allowed is 7.
2026-08-11 21:22:36.637 +0530 [warn] ⚠ app/scripts/runtime.js::2114: Function 'logDependentTrace' has a complexity of 9. Maximum allowed is 7.
2026-08-11 21:22:36.637 +0530 [warn] ⚠ app/scripts/runtime.js::2223: Function 'extractObjectValue' has a complexity of 22. Maximum allowed is 7.
2026-08-11 21:22:36.637 +0530 [warn] ⚠ app/scripts/runtime.js::2305: Function 'parseInvokeResponse' has a complexity of 9. Maximum allowed is 7.
2026-08-11 21:22:36.637 +0530 [warn] ⚠ app/scripts/ticket_sidebar.js::49: 'client' declared and assigned in different scopes. Possible asynchronous race condition.
2026-08-11 21:22:36.637 +0530 [warn] ⚠ app/scripts/ticket_sidebar.js::170: Async function 'loadSidebar' has a complexity of 14. Maximum allowed is 7.
2026-08-11 21:22:36.637 +0530 [warn] ⚠ app/scripts/ticket_sidebar.js::252: Function 'normalizeTicket' has a complexity of 41. Maximum allowed is 7.
2026-08-11 21:22:36.637 +0530 [warn] ⚠ app/scripts/ticket_sidebar.js::290: Function 'normalizeRequesterData' has a complexity of 20. Maximum allowed is 7.
2026-08-11 21:22:36.637 +0530 [warn] ⚠ app/scripts/ticket_sidebar.js::399: Function 'buildCustomerEmptyState' has a complexity of 9. Maximum allowed is 7.
2026-08-11 21:22:36.637 +0530 [warn] ⚠ app/scripts/ticket_sidebar.js::418: Function 'renderHeaderCustomer' has a complexity of 8. Maximum allowed is 7.
2026-08-11 21:22:36.637 +0530 [warn] ⚠ app/scripts/ticket_sidebar.js::450: Function 'renderCustomerCard' has a complexity of 14. Maximum allowed is 7.
2026-08-11 21:22:36.638 +0530 [warn] ⚠ app/scripts/ticket_sidebar.js::533: Arrow function has a complexity of 9. Maximum allowed is 7.
2026-08-11 21:22:36.638 +0530 [warn] ⚠ app/scripts/ticket_sidebar.js::551: Arrow function has a complexity of 12. Maximum allowed is 7.
2026-08-11 21:22:36.638 +0530 [warn] ⚠ app/scripts/ticket_sidebar.js::567: Function 'renderOrderCard' has a complexity of 22. Maximum allowed is 7.
2026-08-11 21:22:36.638 +0530 [warn] ⚠ app/scripts/ticket_sidebar.js::700: Function 'renderOrderActions' has a complexity of 28. Maximum allowed is 7.
2026-08-11 21:22:36.638 +0530 [warn] ⚠ app/scripts/ticket_sidebar.js::757: Function 'renderActiveOrderPanel' has a complexity of 36. Maximum allowed is 7.
2026-08-11 21:22:36.638 +0530 [warn] ⚠ app/scripts/ticket_sidebar.js::919: Function 'renderOrderNote' has a complexity of 9. Maximum allowed is 7.
2026-08-11 21:22:36.638 +0530 [warn] ⚠ app/scripts/ticket_sidebar.js::931: Function 'renderLineItemCard' has a complexity of 10. Maximum allowed is 7.
2026-08-11 21:22:36.638 +0530 [warn] ⚠ app/scripts/ticket_sidebar.js::976: Function 'shouldCollapseEmptySection' has a complexity of 12. Maximum allowed is 7.
2026-08-11 21:22:36.638 +0530 [warn] ⚠ app/scripts/ticket_sidebar.js::1022: Async function 'handleOrderActionClick' has a complexity of 38. Maximum allowed is 7.
2026-08-11 21:22:36.638 +0530 [warn] ⚠ app/scripts/ticket_sidebar.js::1188: Function 'handleInstanceMessages' has a complexity of 14. Maximum allowed is 7.
2026-08-11 21:22:36.638 +0530 [warn] ⚠ app/scripts/ticket_sidebar.js::1422: Function 'parseInvokeResponse' has a complexity of 9. Maximum allowed is 7.
2026-08-11 21:22:36.638 +0530 [warn] ⚠ server/server.js::19: Function 'parseArgs' has a complexity of 10. Maximum allowed is 7.
2026-08-11 21:22:36.638 +0530 [warn] ⚠ server/server.js::172: Function 'formatApiErrorDetail' has a complexity of 11. Maximum allowed is 7.
2026-08-11 21:22:36.638 +0530 [warn] ⚠ server/server.js::183: Arrow function has a complexity of 10. Maximum allowed is 7.
2026-08-11 21:22:36.638 +0530 [warn] ⚠ server/server.js::216: Async function 'invokeTemplate' has a complexity of 20. Maximum allowed is 7.
2026-08-11 21:22:36.641 +0530 [warn] ⚠ server/server.js::409: Function 'normalizePrestaShopStoreRecord' has a complexity of 18. Maximum allowed is 7.
2026-08-11 21:22:36.641 +0530 [warn] ⚠ server/server.js::462: Function 'getPrestaShopFeatureFlags' has a complexity of 10. Maximum allowed is 7.
2026-08-11 21:22:36.641 +0530 [warn] ⚠ server/server.js::480: Function 'buildPrestaShopFeatureItems' has a complexity of 11. Maximum allowed is 7.
2026-08-11 21:22:36.641 +0530 [warn] ⚠ server/server.js::546: possible deprecated API usage detected
2026-08-11 21:22:36.641 +0530 [warn] ⚠ server/server.js::554: possible deprecated API usage detected
2026-08-11 21:22:36.641 +0530 [warn] ⚠ server/server.js::895: Async function 'schedulePrestaShopOrderTicketRetry' has a complexity of 9. Maximum allowed is 7.
2026-08-11 21:22:36.641 +0530 [warn] ⚠ server/server.js::1036: Function 'buildPrestaShopApiPath' has a complexity of 8. Maximum allowed is 7.
2026-08-11 21:22:36.641 +0530 [warn] ⚠ server/server.js::1114: Async function 'installPrestaShopExtensionWebhooksForStores' has a complexity of 8. Maximum allowed is 7.
2026-08-11 21:22:36.641 +0530 [warn] ⚠ server/server.js::1199: Async function 'fetchFreshdeskRequesterEmail' has a complexity of 13. Maximum allowed is 7.
2026-08-11 21:22:36.641 +0530 [warn] ⚠ server/server.js::1210: Async function 'fetchFreshdeskTicketRequesterEmail' has a complexity of 31. Maximum allowed is 7.
2026-08-11 21:22:36.641 +0530 [warn] ⚠ server/server.js::1315: Function 'normalizeAddress' has a complexity of 20. Maximum allowed is 7.
2026-08-11 21:22:36.641 +0530 [warn] ⚠ server/server.js::1360: Function 'mergePrestaShopOrderPayload' has a complexity of 12. Maximum allowed is 7.
2026-08-11 21:22:36.641 +0530 [warn] ⚠ server/server.js::1375: Arrow function has a complexity of 11. Maximum allowed is 7.
2026-08-11 21:22:36.641 +0530 [warn] ⚠ server/server.js::1435: Function 'normalizePrestaShopGroupName' has a complexity of 8. Maximum allowed is 7.
2026-08-11 21:22:36.641 +0530 [warn] ⚠ server/server.js::1444: Function 'getPrestaShopCustomerTotalSpent' has a complexity of 11. Maximum allowed is 7.
2026-08-11 21:22:36.641 +0530 [warn] ⚠ server/server.js::1467: Function 'normalizeCustomerRecord' has a complexity of 40. Maximum allowed is 7.
2026-08-11 21:22:36.641 +0530 [warn] ⚠ server/server.js::1516: Async function 'fetchPrestaShopCustomerGroupName' has a complexity of 8. Maximum allowed is 7.
2026-08-11 21:22:36.641 +0530 [warn] ⚠ server/server.js::1557: Function 'getOrderShippingAddress' has a complexity of 9. Maximum allowed is 7.
2026-08-11 21:22:36.641 +0530 [warn] ⚠ server/server.js::1565: Function 'getOrderShippingMethod' has a complexity of 9. Maximum allowed is 7.
2026-08-11 21:22:36.641 +0530 [warn] ⚠ server/server.js::1589: Function 'normalizeProductOptionRecord' has a complexity of 10. Maximum allowed is 7.
2026-08-11 21:22:36.641 +0530 [warn] ⚠ server/server.js::1599: Function 'normalizeProductOption' has a complexity of 10. Maximum allowed is 7.
2026-08-11 21:22:36.641 +0530 [warn] ⚠ server/server.js::1617: Function 'normalizeOrderLineItem' has a complexity of 19. Maximum allowed is 7.
2026-08-11 21:22:36.641 +0530 [warn] ⚠ server/server.js::1654: Function 'buildCarrierTrackingUrl' has a complexity of 13. Maximum allowed is 7.
2026-08-11 21:22:36.641 +0530 [warn] ⚠ server/server.js::1677: Function 'normalizeShipmentTrack' has a complexity of 25. Maximum allowed is 7.
2026-08-11 21:22:36.641 +0530 [warn] ⚠ server/server.js::1753: Function 'buildOrderActionAvailability' has a complexity of 9. Maximum allowed is 7.
2026-08-11 21:22:36.641 +0530 [warn] ⚠ server/server.js::1812: Function 'hasPrestaShopShippingAddress' has a complexity of 8. Maximum allowed is 7.
2026-08-11 21:22:36.641 +0530 [warn] ⚠ server/server.js::1821: Function 'normalizeOrderRecord' has a complexity of 61. Maximum allowed is 7.
2026-08-11 21:22:36.641 +0530 [warn] ⚠ server/server.js::1893: Function 'normalizeGuestCustomerFromOrder' has a complexity of 10. Maximum allowed is 7.
2026-08-11 21:22:36.641 +0530 [warn] ⚠ server/server.js::1923: Function 'buildSearchQuery' has a complexity of 9. Maximum allowed is 7.
2026-08-11 21:22:36.641 +0530 [warn] ⚠ server/server.js::1967: Function 'buildOrderSearchText' has a complexity of 8. Maximum allowed is 7.
2026-08-11 21:22:36.641 +0530 [warn] ⚠ server/server.js::2028: Async function 'searchStoreOrders' has a complexity of 9. Maximum allowed is 7.
2026-08-11 21:22:36.641 +0530 [warn] ⚠ server/server.js::2161: Function 'storeHasRegisteredCustomerEmail' has a complexity of 9. Maximum allowed is 7.
2026-08-11 21:22:36.641 +0530 [warn] ⚠ server/server.js::2210: Arrow function has a complexity of 10. Maximum allowed is 7.
2026-08-11 21:22:36.641 +0530 [warn] ⚠ server/server.js::2237: Arrow function has a complexity of 12. Maximum allowed is 7.
2026-08-11 21:22:36.641 +0530 [warn] ⚠ server/server.js::2261: Async function 'finalizePrestaShopSidebarData' has a complexity of 8. Maximum allowed is 7.
2026-08-11 21:22:36.641 +0530 [warn] ⚠ server/server.js::2301: Async function 'collectGlobalPrestaShopSearchData' has a complexity of 9. Maximum allowed is 7.
2026-08-11 21:22:36.641 +0530 [warn] ⚠ server/server.js::2357: Async function 'collectPrestaShopSidebarData' has a complexity of 26. Maximum allowed is 7.
2026-08-11 21:22:36.641 +0530 [warn] ⚠ server/server.js::2586: Function 'buildFreshdeskContactPayloadFromPrestaShopCustomer' has a complexity of 10. Maximum allowed is 7.
2026-08-11 21:22:36.641 +0530 [warn] ⚠ server/server.js::2635: Function 'normalizeFreshdeskDefaultPayloadValue' has a complexity of 9. Maximum allowed is 7.
2026-08-11 21:22:36.641 +0530 [warn] ⚠ server/server.js::2679: Arrow function has a complexity of 8. Maximum allowed is 7.
2026-08-11 21:22:36.641 +0530 [warn] ⚠ server/server.js::2714: Function 'getFreshdeskMissingCustomFieldFallback' has a complexity of 8. Maximum allowed is 7.
2026-08-11 21:22:36.641 +0530 [warn] ⚠ server/server.js::2741: Arrow function has a complexity of 9. Maximum allowed is 7.
2026-08-11 21:22:36.641 +0530 [warn] ⚠ server/server.js::2782: Async function 'syncFreshdeskContactForPrestaShopCustomer' has a complexity of 16. Maximum allowed is 7.
2026-08-11 21:22:36.641 +0530 [warn] ⚠ server/server.js::2852: Function 'buildOrderCreatedTicketDescription' has a complexity of 9. Maximum allowed is 7.
2026-08-11 21:22:36.641 +0530 [warn] ⚠ server/server.js::2878: Async function 'createFreshdeskTicketForPrestaShopEvent' has a complexity of 12. Maximum allowed is 7.
2026-08-11 21:22:36.641 +0530 [warn] ⚠ server/server.js::2908: Async function 'processPrestaShopCustomerEvent' has a complexity of 13. Maximum allowed is 7.
2026-08-11 21:22:36.641 +0530 [warn] ⚠ server/server.js::2934: Async function 'processPrestaShopOrderCreatedEvent' has a complexity of 35. Maximum allowed is 7.
2026-08-11 21:22:36.642 +0530 [warn] ⚠ server/server.js::3091: Function 'buildExternalEventPayloadDiagnostics' has a complexity of 17. Maximum allowed is 7.
2026-08-11 21:22:36.642 +0530 [warn] ⚠ server/server.js::3182: Function 'buildPrestaShopExtensionShippingPayload' has a complexity of 12. Maximum allowed is 7.
2026-08-11 21:22:36.642 +0530 [warn] ⚠ server/server.js::3251: Async method 'onExternalEvent' has a complexity of 40. Maximum allowed is 7.
2026-08-11 21:22:36.642 +0530 [warn] ⚠ server/server.js::3307: Async method 'onScheduledEvent' has a complexity of 8. Maximum allowed is 7.
2026-08-11 21:22:36.642 +0530 [warn] 
[1mYour app might be using one or more API endpoints that will be deprecated soon. Please go through the deprecation notice (https://community.freshworks.dev/t/freshservice-rest-api-v1-deprecation-notice/5899) to find alternate resources.[0m
2026-08-11 21:22:36.642 +0530 [warn] 
2026-08-11 21:22:36.642 +0530 [info] ================================================================
2026-08-11 21:22:36.642 +0530 [info] |                      Validation Summary                      |
2026-08-11 21:22:36.642 +0530 [info] ================================================================
2026-08-11 21:22:36.642 +0530 [info] | [1;31mTotal Platform Errors: 0[0m                                     |
2026-08-11 21:22:36.642 +0530 [info] | [1;31mTotal Lint Errors    : 0[0m                                     |
2026-08-11 21:22:36.642 +0530 [info] | [1;33mTotal Warnings       : 109[0m                                   |
2026-08-11 21:22:36.642 +0530 [info] ================================================================

2026-08-11 21:22:36.642 +0530 [info] ✔ Validation Successful
2026-08-11 21:22:36.651 +0530 [debug] (report.js) Generating hash for report.json file
2026-08-11 21:23:21.850 +0530 [debug] (configs.js) loaded default configs as "{"updates":{"manifest_url":"https://cdn.freshdev.io/assets/fdk/updates.json","changelog_url":"https://cdn.freshdev.io/assets/fdk/change-log.json","period":24},"log":{"level":"info"},"javascript":{"ecma_version":2020},"request":{"timeout":15000},"global_apps":{"enabled":true},"easel":{"enabled":false},"job":{"timeout":120000}}"
2026-08-11 21:23:21.851 +0530 [debug] (configs.js) loaded global configs as "{"request":{"timeout":15000},"global_apps":{"enabled":"true"},"job":{"timeout":120000}}"
2026-08-11 21:23:21.851 +0530 [debug] (configs.js) loaded local configs as "{"global_apps":{"enabled":"true"},"request":{"timeout":15000},"job":{"timeout":120000}}"
2026-08-11 21:23:21.851 +0530 [debug] (configs.js) loaded env configs as "{"updates":{},"log":{},"javascript":{},"request":{"timeout":15000},"job":{"timeout":120000}}"
2026-08-11 21:23:21.851 +0530 [debug] (configs.js) loaded resolved configs as "{"updates":{"manifest_url":"https://cdn.freshdev.io/assets/fdk/updates.json","changelog_url":"https://cdn.freshdev.io/assets/fdk/change-log.json","period":24},"log":{"level":"info"},"javascript":{"ecma_version":2020},"request":{"timeout":15000},"global_apps":{"enabled":"true"},"easel":{"enabled":false},"job":{"timeout":120000}}"
2026-08-11 21:23:21.851 +0530 [debug] (logger.js) Starting FDK in node v24.11.1 on darwin
2026-08-11 21:23:21.851 +0530 [debug] (sequelize.js) setting up sqilite at "/Users/akashram/Desktop/fw Projects/PrestaConnector/.fdk/store.sqlite"
2026-08-11 21:23:21.851 +0530 [debug] (data.js) Read {"version_details":{"cli":{"deprecated":{"version":"<9","message":"This FDK version has been deprecated. There will be no further feature updates to this version. For a seamless app-building experience, ensure to move to the latest FDK version. For more information, see https://developers.freshworks.com/docs/app-sdk/v2.3/freshdesk/migration-guide/#migrate-to-the-latest-platform-version."},"forced":{"version":"7.0.0","command":"npm install https://dl.freshdev.io/cli/fdk-7.0.0.tgz -g","message":"Your FDK version has been forced updated to v7.0.0, please visit https://community.developers.freshworks.com/t/fdk-v7-0-announcing-node-js-v12-and-es6-support/3606 to know more"},"latest":{"version":"10.1.9","command":"npm install https://cdn.freshdev.io/fdk/latest-v24.tgz -g","message":"You are on the latest FDK version. For information on the features available as part of this FDK version, see https://developers.freshworks.com/docs/?tab=modules."}},"addon":{"version":"2.2.9","url":"https://cdn.freshdev.io/assets/fdk/addons/addon.zip"}},"last_updated":{"time_stamp":1786446561575}}
2026-08-11 21:23:21.851 +0530 [debug] (updater.js) last check less than 24 hours ago, not looking for updates
2026-08-11 21:23:21.852 +0530 [debug] (index.js) running with opts {}
2026-08-11 21:23:21.909 +0530 [debug] (data.js) Read {"version_details":{"cli":{"deprecated":{"version":"<9","message":"This FDK version has been deprecated. There will be no further feature updates to this version. For a seamless app-building experience, ensure to move to the latest FDK version. For more information, see https://developers.freshworks.com/docs/app-sdk/v2.3/freshdesk/migration-guide/#migrate-to-the-latest-platform-version."},"forced":{"version":"7.0.0","command":"npm install https://dl.freshdev.io/cli/fdk-7.0.0.tgz -g","message":"Your FDK version has been forced updated to v7.0.0, please visit https://community.developers.freshworks.com/t/fdk-v7-0-announcing-node-js-v12-and-es6-support/3606 to know more"},"latest":{"version":"10.1.9","command":"npm install https://cdn.freshdev.io/fdk/latest-v24.tgz -g","message":"You are on the latest FDK version. For information on the features available as part of this FDK version, see https://developers.freshworks.com/docs/?tab=modules."}},"addon":{"version":"2.2.9","url":"https://cdn.freshdev.io/assets/fdk/addons/addon.zip"}},"last_updated":{"time_stamp":1786446561575}}
2026-08-11 21:23:21.909 +0530 [debug] (manifest.js) Reloading manifest with {"platform-version":"3.0","modules":{"common":{"location":{"full_page_app":{"url":"dashboard.html","icon":"icon.svg"}},"requests":{"verify_freshdesk_credentials":{},"verify_prestashop_store_live":{},"freshdesk_get_live":{},"freshdesk_post_live":{},"freshdesk_put_live":{},"prestashop_get_live":{},"prestashop_post_live":{},"prestashop_put_live":{},"prestashop_delete_live":{}},"events":{"onAppInstall":{"handler":"onAppInstall"},"afterAppUpdate":{"handler":"afterAppUpdate"},"onAppUninstall":{"handler":"onAppUninstall"},"onExternalEvent":{"handler":"onExternalEvent"},"onScheduledEvent":{"handler":"onScheduledEvent"}},"functions":{"getDashboardData":{},"getSidebarData":{},"persistPrestaShopStoresSecurely":{},"reconnectPrestaShopSync":{},"getPrestaShopOrderNotes":{},"addPrestaShopOrderNote":{},"applyPrestaShopOrderCoupon":{},"refundPrestaShopOrder":{},"cancelPrestaShopOrder":{},"updatePrestaShopOrderShipping":{}}},"support_ticket":{"events":{"onTicketUpdate":{"handler":"handleTicketUpdate"},"onConversationCreate":{"handler":"handleConversationCreate"}},"location":{"ticket_sidebar":{"url":"ticket_sidebar.html","icon":"icon.svg"}}}},"engines":{"node":"24.11.0","fdk":"10.0.1"},"app":{"tracking_id":"s9hytuyr897n65hk7927","start_time":"2025-06-07T14:05:19.420Z"}}.
2026-08-11 21:23:21.909 +0530 [debug] (manifest.js) Inferred db,backend as features.
2026-08-11 21:23:21.910 +0530 [debug] (data.js) Read {"version_details":{"cli":{"deprecated":{"version":"<9","message":"This FDK version has been deprecated. There will be no further feature updates to this version. For a seamless app-building experience, ensure to move to the latest FDK version. For more information, see https://developers.freshworks.com/docs/app-sdk/v2.3/freshdesk/migration-guide/#migrate-to-the-latest-platform-version."},"forced":{"version":"7.0.0","command":"npm install https://dl.freshdev.io/cli/fdk-7.0.0.tgz -g","message":"Your FDK version has been forced updated to v7.0.0, please visit https://community.developers.freshworks.com/t/fdk-v7-0-announcing-node-js-v12-and-es6-support/3606 to know more"},"latest":{"version":"10.1.9","command":"npm install https://cdn.freshdev.io/fdk/latest-v24.tgz -g","message":"You are on the latest FDK version. For information on the features available as part of this FDK version, see https://developers.freshworks.com/docs/?tab=modules."}},"addon":{"version":"2.2.9","url":"https://cdn.freshdev.io/assets/fdk/addons/addon.zip"}},"last_updated":{"time_stamp":1786446561575}}
2026-08-11 21:23:21.960 +0530 [debug] (coverage.js) INIT: About to merge initial coverage data with 3 files
2026-08-11 21:23:21.960 +0530 [debug] (coverage.js) INIT: After merge - Files in map: 3
2026-08-11 21:23:21.970 +0530 [debug] (index.js) Initializing AJV schemas from individual files
2026-08-11 21:23:21.970 +0530 [debug] (index.js) Compiling schemas...
2026-08-11 21:23:21.975 +0530 [debug] (index.js) All schemas compiled successfully
2026-08-11 21:23:22.077 +0530 [debug] (index.js) 'schema: ' [object Object]
2026-08-11 21:23:22.080 +0530 [debug] (index.js) 'schema: ' [object Object]
2026-08-11 21:23:22.080 +0530 [debug] (index.js) 'schema: ' [object Object]
2026-08-11 21:23:22.080 +0530 [debug] (index.js) 'schema: ' [object Object]
2026-08-11 21:23:22.081 +0530 [debug] (index.js) 'schema: ' [object Object]
2026-08-11 21:23:22.081 +0530 [debug] (index.js) 'schema: ' [object Object]
2026-08-11 21:23:22.082 +0530 [debug] (index.js) 'schema: ' [object Object]
2026-08-11 21:23:22.084 +0530 [debug] (index.js) 'schema: ' [object Object]
2026-08-11 21:23:22.084 +0530 [debug] (index.js) 'schema: ' [object Object]
2026-08-11 21:23:22.084 +0530 [debug] (index.js) 'schema: ' [object Object]
2026-08-11 21:23:22.086 +0530 [debug] (index.js) 'schema: ' [object Object]
2026-08-11 21:23:22.087 +0530 [debug] (index.js) 'schema: ' [object Object]
2026-08-11 21:23:22.088 +0530 [debug] (index.js) 'schema: ' [object Object]
2026-08-11 21:23:22.088 +0530 [debug] (index.js) 'schema: ' [object Object]
2026-08-11 21:23:22.088 +0530 [debug] (index.js) 'schema: ' [object Object]
2026-08-11 21:23:22.089 +0530 [debug] (index.js) 'schema: ' [object Object]
2026-08-11 21:23:22.090 +0530 [debug] (index.js) 'schema: ' [object Object]
2026-08-11 21:23:22.094 +0530 [debug] (index.js) 'schema: ' [object Object]
2026-08-11 21:23:22.269 +0530 [debug] (pack.js) 'pack' called with {}
2026-08-11 21:23:22.269 +0530 [debug] (validate.js) asked to skip the following validations, 
2026-08-11 21:23:22.269 +0530 [debug] (validate.js) running validator actions
2026-08-11 21:23:22.269 +0530 [debug] (validate.js) running validator requests
2026-08-11 21:23:22.269 +0530 [debug] (requests.js) validating request template for "verify_freshdesk_credentials"
2026-08-11 21:23:22.269 +0530 [debug] (validate.js) running validator app-dir
2026-08-11 21:23:22.269 +0530 [debug] (validate.js) running validator config-dir
2026-08-11 21:23:22.269 +0530 [debug] (config-dir.js) Checking to see if /Users/akashram/Desktop/fw Projects/PrestaConnector/config/ exists.
2026-08-11 21:23:22.269 +0530 [debug] (config-dir.js) Fetched the following config files assets,iparams.html,requests.json
2026-08-11 21:23:22.269 +0530 [debug] (validate.js) running validator custom-objects
2026-08-11 21:23:22.269 +0530 [debug] (validate.js) running validator event
2026-08-11 21:23:22.283 +0530 [debug] (event.js) Found ["onAppInstall","afterAppUpdate","onAppUninstall","onExternalEvent","onScheduledEvent","getDashboardData","getSidebarData","persistPrestaShopStoresSecurely","reconnectPrestaShopSync","getPrestaShopOrderNotes","addPrestaShopOrderNote","applyPrestaShopOrderCoupon","refundPrestaShopOrder","cancelPrestaShopOrder","updatePrestaShopOrderShipping","handleTicketUpdate","handleConversationCreate"] as exported functions.
2026-08-11 21:23:22.283 +0530 [debug] (validate.js) running validator iparam
2026-08-11 21:23:22.294 +0530 [debug] (validate.js) running validator lint
2026-08-11 21:23:22.294 +0530 [debug] (lint.js) passed fix flag: undefined
2026-08-11 21:23:22.295 +0530 [debug] (lint.js) Running the following lints on the file app/scripts/app.js : no-eval,no-alert,no-debugger,no-unreachable,no-duplicate-imports,constructor-super,for-direction,no-class-assign,no-new-native-nonconstructor,valid-typeof,no-eq-null,no-var,require-await,no-unreachable-loop,no-redeclare,no-self-assign,no-setter-return,no-shadow-restricted-names,no-this-before-super,no-unsafe-finally,no-unsafe-optional-chaining,no-unused-vars,no-useless-catch,eqeqeq,prefer-const,require-yield,no-global-assign,no-caller,no-process-env,complexity,max-nested-callbacks,handle-callback-err,getter-return,no-async-promise-executor,no-case-declarations,no-compare-neg-zero,no-cond-assign,no-const-assign,no-constant-condition,no-control-regex,no-delete-var,no-dupe-args,no-dupe-class-members,no-dupe-else-if,no-dupe-keys,no-duplicate-case,no-empty,no-empty-character-class,no-empty-pattern,no-ex-assign,no-extra-boolean-cast,no-extra-semi,no-fallthrough,no-func-assign,no-import-assign,no-inner-declarations,no-invalid-regexp,no-irregular-whitespace,no-loss-of-precision,no-misleading-character-class,no-mixed-spaces-and-tabs,no-nonoctal-decimal-escape,no-obj-calls,no-octal,no-prototype-builtins,no-regex-spaces,no-sparse-arrays,no-unexpected-multiline,no-unsafe-negation,no-unused-labels,no-useless-backreference,no-useless-escape,no-with,use-isnan,no-unpkg-cdn,no-proxy-requests,no-unhandled-promise,no-logging-rejections,no-non-client-request-model,no-deprecated-apis,no-cross-scope-assign,no-empty-function
2026-08-11 21:23:22.343 +0530 [debug] (lint.js) Running the following lints on the file app/scripts/dashboard.js : no-eval,no-alert,no-debugger,no-unreachable,no-duplicate-imports,constructor-super,for-direction,no-class-assign,no-new-native-nonconstructor,valid-typeof,no-eq-null,no-var,require-await,no-unreachable-loop,no-redeclare,no-self-assign,no-setter-return,no-shadow-restricted-names,no-this-before-super,no-unsafe-finally,no-unsafe-optional-chaining,no-unused-vars,no-useless-catch,eqeqeq,prefer-const,require-yield,no-global-assign,no-caller,no-process-env,complexity,max-nested-callbacks,handle-callback-err,getter-return,no-async-promise-executor,no-case-declarations,no-compare-neg-zero,no-cond-assign,no-const-assign,no-constant-condition,no-control-regex,no-delete-var,no-dupe-args,no-dupe-class-members,no-dupe-else-if,no-dupe-keys,no-duplicate-case,no-empty,no-empty-character-class,no-empty-pattern,no-ex-assign,no-extra-boolean-cast,no-extra-semi,no-fallthrough,no-func-assign,no-import-assign,no-inner-declarations,no-invalid-regexp,no-irregular-whitespace,no-loss-of-precision,no-misleading-character-class,no-mixed-spaces-and-tabs,no-nonoctal-decimal-escape,no-obj-calls,no-octal,no-prototype-builtins,no-regex-spaces,no-sparse-arrays,no-unexpected-multiline,no-unsafe-negation,no-unused-labels,no-useless-backreference,no-useless-escape,no-with,use-isnan,no-unpkg-cdn,no-proxy-requests,no-unhandled-promise,no-logging-rejections,no-non-client-request-model,no-deprecated-apis,no-cross-scope-assign,no-empty-function
2026-08-11 21:23:22.353 +0530 [debug] (lint.js) Running the following lints on the file app/scripts/order_action_modal.js : no-eval,no-alert,no-debugger,no-unreachable,no-duplicate-imports,constructor-super,for-direction,no-class-assign,no-new-native-nonconstructor,valid-typeof,no-eq-null,no-var,require-await,no-unreachable-loop,no-redeclare,no-self-assign,no-setter-return,no-shadow-restricted-names,no-this-before-super,no-unsafe-finally,no-unsafe-optional-chaining,no-unused-vars,no-useless-catch,eqeqeq,prefer-const,require-yield,no-global-assign,no-caller,no-process-env,complexity,max-nested-callbacks,handle-callback-err,getter-return,no-async-promise-executor,no-case-declarations,no-compare-neg-zero,no-cond-assign,no-const-assign,no-constant-condition,no-control-regex,no-delete-var,no-dupe-args,no-dupe-class-members,no-dupe-else-if,no-dupe-keys,no-duplicate-case,no-empty,no-empty-character-class,no-empty-pattern,no-ex-assign,no-extra-boolean-cast,no-extra-semi,no-fallthrough,no-func-assign,no-import-assign,no-inner-declarations,no-invalid-regexp,no-irregular-whitespace,no-loss-of-precision,no-misleading-character-class,no-mixed-spaces-and-tabs,no-nonoctal-decimal-escape,no-obj-calls,no-octal,no-prototype-builtins,no-regex-spaces,no-sparse-arrays,no-unexpected-multiline,no-unsafe-negation,no-unused-labels,no-useless-backreference,no-useless-escape,no-with,use-isnan,no-unpkg-cdn,no-proxy-requests,no-unhandled-promise,no-logging-rejections,no-non-client-request-model,no-deprecated-apis,no-cross-scope-assign,no-empty-function
2026-08-11 21:23:22.364 +0530 [debug] (lint.js) Running the following lints on the file app/scripts/runtime.js : no-eval,no-alert,no-debugger,no-unreachable,no-duplicate-imports,constructor-super,for-direction,no-class-assign,no-new-native-nonconstructor,valid-typeof,no-eq-null,no-var,require-await,no-unreachable-loop,no-redeclare,no-self-assign,no-setter-return,no-shadow-restricted-names,no-this-before-super,no-unsafe-finally,no-unsafe-optional-chaining,no-unused-vars,no-useless-catch,eqeqeq,prefer-const,require-yield,no-global-assign,no-caller,no-process-env,complexity,max-nested-callbacks,handle-callback-err,getter-return,no-async-promise-executor,no-case-declarations,no-compare-neg-zero,no-cond-assign,no-const-assign,no-constant-condition,no-control-regex,no-delete-var,no-dupe-args,no-dupe-class-members,no-dupe-else-if,no-dupe-keys,no-duplicate-case,no-empty,no-empty-character-class,no-empty-pattern,no-ex-assign,no-extra-boolean-cast,no-extra-semi,no-fallthrough,no-func-assign,no-import-assign,no-inner-declarations,no-invalid-regexp,no-irregular-whitespace,no-loss-of-precision,no-misleading-character-class,no-mixed-spaces-and-tabs,no-nonoctal-decimal-escape,no-obj-calls,no-octal,no-prototype-builtins,no-regex-spaces,no-sparse-arrays,no-unexpected-multiline,no-unsafe-negation,no-unused-labels,no-useless-backreference,no-useless-escape,no-with,use-isnan,no-unpkg-cdn,no-proxy-requests,no-unhandled-promise,no-logging-rejections,no-non-client-request-model,no-deprecated-apis,no-cross-scope-assign,no-empty-function
2026-08-11 21:23:22.411 +0530 [debug] (lint.js) Running the following lints on the file app/scripts/ticket_sidebar.js : no-eval,no-alert,no-debugger,no-unreachable,no-duplicate-imports,constructor-super,for-direction,no-class-assign,no-new-native-nonconstructor,valid-typeof,no-eq-null,no-var,require-await,no-unreachable-loop,no-redeclare,no-self-assign,no-setter-return,no-shadow-restricted-names,no-this-before-super,no-unsafe-finally,no-unsafe-optional-chaining,no-unused-vars,no-useless-catch,eqeqeq,prefer-const,require-yield,no-global-assign,no-caller,no-process-env,complexity,max-nested-callbacks,handle-callback-err,getter-return,no-async-promise-executor,no-case-declarations,no-compare-neg-zero,no-cond-assign,no-const-assign,no-constant-condition,no-control-regex,no-delete-var,no-dupe-args,no-dupe-class-members,no-dupe-else-if,no-dupe-keys,no-duplicate-case,no-empty,no-empty-character-class,no-empty-pattern,no-ex-assign,no-extra-boolean-cast,no-extra-semi,no-fallthrough,no-func-assign,no-import-assign,no-inner-declarations,no-invalid-regexp,no-irregular-whitespace,no-loss-of-precision,no-misleading-character-class,no-mixed-spaces-and-tabs,no-nonoctal-decimal-escape,no-obj-calls,no-octal,no-prototype-builtins,no-regex-spaces,no-sparse-arrays,no-unexpected-multiline,no-unsafe-negation,no-unused-labels,no-useless-backreference,no-useless-escape,no-with,use-isnan,no-unpkg-cdn,no-proxy-requests,no-unhandled-promise,no-logging-rejections,no-non-client-request-model,no-deprecated-apis,no-cross-scope-assign,no-empty-function
2026-08-11 21:23:22.440 +0530 [debug] (lint.js) Running the following lints on the file server/server.js : no-eval,no-alert,no-debugger,no-unreachable,no-duplicate-imports,constructor-super,for-direction,no-class-assign,no-new-native-nonconstructor,valid-typeof,no-eq-null,no-var,require-await,no-unreachable-loop,no-redeclare,no-self-assign,no-setter-return,no-shadow-restricted-names,no-this-before-super,no-unsafe-finally,no-unsafe-optional-chaining,no-unused-vars,no-useless-catch,eqeqeq,prefer-const,require-yield,no-global-assign,no-caller,no-process-env,complexity,max-nested-callbacks,handle-callback-err,getter-return,no-async-promise-executor,no-case-declarations,no-compare-neg-zero,no-cond-assign,no-const-assign,no-constant-condition,no-control-regex,no-delete-var,no-dupe-args,no-dupe-class-members,no-dupe-else-if,no-dupe-keys,no-duplicate-case,no-empty,no-empty-character-class,no-empty-pattern,no-ex-assign,no-extra-boolean-cast,no-extra-semi,no-fallthrough,no-func-assign,no-import-assign,no-inner-declarations,no-invalid-regexp,no-irregular-whitespace,no-loss-of-precision,no-misleading-character-class,no-mixed-spaces-and-tabs,no-nonoctal-decimal-escape,no-obj-calls,no-octal,no-prototype-builtins,no-regex-spaces,no-sparse-arrays,no-unexpected-multiline,no-unsafe-negation,no-unused-labels,no-useless-backreference,no-useless-escape,no-with,use-isnan,no-unpkg-cdn,no-proxy-requests,no-unhandled-promise,no-logging-rejections,no-non-client-request-model,no-deprecated-apis,no-dependency-mismatch,no-empty-function
2026-08-11 21:23:22.503 +0530 [debug] (lint.js) Running the following lints on the file config/assets/iparams.js : no-unpkg-cdn,no-proxy-requests,no-logging-rejections
2026-08-11 21:23:22.523 +0530 [debug] (validate.js) running validator manifest
2026-08-11 21:23:22.523 +0530 [debug] (validate.js) running validator manifest-dependency
2026-08-11 21:23:22.523 +0530 [debug] (validate.js) running validator oauth
2026-08-11 21:23:22.523 +0530 [debug] (validate.js) skipping validator pkgsize
2026-08-11 21:23:22.523 +0530 [debug] (validate.js) skipping validator schema
2026-08-11 21:23:22.523 +0530 [debug] (validate.js) running validator version-check
2026-08-11 21:23:22.523 +0530 [debug] (validate.js) running validator app-settings
2026-08-11 21:23:22.528 +0530 [debug] (event.js) Found ["onAppInstall","afterAppUpdate","onAppUninstall","onExternalEvent","onScheduledEvent","getDashboardData","getSidebarData","persistPrestaShopStoresSecurely","reconnectPrestaShopSync","getPrestaShopOrderNotes","addPrestaShopOrderNote","applyPrestaShopOrderCoupon","refundPrestaShopOrder","cancelPrestaShopOrder","updatePrestaShopOrderShipping","handleTicketUpdate","handleConversationCreate"] as exported functions.
2026-08-11 21:23:22.528 +0530 [debug] (manifest.js) Validating function getDashboardData
2026-08-11 21:23:22.529 +0530 [debug] (http.js) Failed to parse URL: https://<%= context.domain %>, error: Invalid URL
2026-08-11 21:23:22.529 +0530 [debug] (manifest.js) Validating function getSidebarData
2026-08-11 21:23:22.529 +0530 [debug] (requests.js) validating request template for "verify_prestashop_store_live"
2026-08-11 21:23:22.529 +0530 [debug] (manifest.js) Validating function persistPrestaShopStoresSecurely
2026-08-11 21:23:22.529 +0530 [debug] (http.js) Failed to parse URL: https://<%= context.store_host %>, error: Invalid URL
2026-08-11 21:23:22.529 +0530 [debug] (manifest.js) Validating function reconnectPrestaShopSync
2026-08-11 21:23:22.529 +0530 [debug] (requests.js) validating request template for "freshdesk_get_live"
2026-08-11 21:23:22.529 +0530 [debug] (manifest.js) Validating function getPrestaShopOrderNotes
2026-08-11 21:23:22.529 +0530 [debug] (http.js) Failed to parse URL: https://<%= context.domain %>, error: Invalid URL
2026-08-11 21:23:22.529 +0530 [debug] (manifest.js) Validating function addPrestaShopOrderNote
2026-08-11 21:23:22.529 +0530 [debug] (requests.js) validating request template for "freshdesk_post_live"
2026-08-11 21:23:22.529 +0530 [debug] (manifest.js) Validating function applyPrestaShopOrderCoupon
2026-08-11 21:23:22.529 +0530 [debug] (http.js) Failed to parse URL: https://<%= context.domain %>, error: Invalid URL
2026-08-11 21:23:22.529 +0530 [debug] (manifest.js) Validating function refundPrestaShopOrder
2026-08-11 21:23:22.529 +0530 [debug] (requests.js) validating request template for "freshdesk_put_live"
2026-08-11 21:23:22.529 +0530 [debug] (manifest.js) Validating function cancelPrestaShopOrder
2026-08-11 21:23:22.529 +0530 [debug] (http.js) Failed to parse URL: https://<%= context.domain %>, error: Invalid URL
2026-08-11 21:23:22.530 +0530 [debug] (manifest.js) Validating function updatePrestaShopOrderShipping
2026-08-11 21:23:22.530 +0530 [debug] (requests.js) validating request template for "prestashop_get_live"
2026-08-11 21:23:22.530 +0530 [debug] (http.js) Failed to parse URL: https://<%= context.store_host %>, error: Invalid URL
2026-08-11 21:23:22.530 +0530 [debug] (requests.js) validating request template for "prestashop_post_live"
2026-08-11 21:23:22.531 +0530 [debug] (http.js) Failed to parse URL: https://<%= context.store_host %>, error: Invalid URL
2026-08-11 21:23:22.531 +0530 [debug] (requests.js) validating request template for "prestashop_put_live"
2026-08-11 21:23:22.531 +0530 [debug] (http.js) Failed to parse URL: https://<%= context.domain %>, error: Invalid URL
2026-08-11 21:23:22.531 +0530 [debug] (http.js) Failed to parse URL: https://<%= context.store_host %>, error: Invalid URL
2026-08-11 21:23:22.531 +0530 [debug] (request.js) Checking request template for multi-oauth app
2026-08-11 21:23:22.531 +0530 [debug] (requests.js) validating request template for "prestashop_delete_live"
2026-08-11 21:23:22.531 +0530 [debug] (http.js) Failed to parse URL: https://<%= context.store_host %>, error: Invalid URL
2026-08-11 21:23:22.531 +0530 [debug] (http.js) Failed to parse URL: https://<%= context.store_host %>, error: Invalid URL
2026-08-11 21:23:22.531 +0530 [debug] (request.js) Checking request template for multi-oauth app
2026-08-11 21:23:22.531 +0530 [debug] (http.js) Failed to parse URL: https://<%= context.domain %>, error: Invalid URL
2026-08-11 21:23:22.531 +0530 [debug] (request.js) Checking request template for multi-oauth app
2026-08-11 21:23:22.531 +0530 [debug] (http.js) Failed to parse URL: https://<%= context.domain %>, error: Invalid URL
2026-08-11 21:23:22.531 +0530 [debug] (request.js) Checking request template for multi-oauth app
2026-08-11 21:23:22.531 +0530 [debug] (http.js) Failed to parse URL: https://<%= context.domain %>, error: Invalid URL
2026-08-11 21:23:22.531 +0530 [debug] (request.js) Checking request template for multi-oauth app
2026-08-11 21:23:22.531 +0530 [debug] (http.js) Failed to parse URL: https://<%= context.store_host %>, error: Invalid URL
2026-08-11 21:23:22.531 +0530 [debug] (request.js) Checking request template for multi-oauth app
2026-08-11 21:23:22.531 +0530 [debug] (http.js) Failed to parse URL: https://<%= context.store_host %>, error: Invalid URL
2026-08-11 21:23:22.531 +0530 [debug] (request.js) Checking request template for multi-oauth app
2026-08-11 21:23:22.531 +0530 [debug] (http.js) Failed to parse URL: https://<%= context.store_host %>, error: Invalid URL
2026-08-11 21:23:22.531 +0530 [debug] (request.js) Checking request template for multi-oauth app
2026-08-11 21:23:22.531 +0530 [debug] (http.js) Failed to parse URL: https://<%= context.store_host %>, error: Invalid URL
2026-08-11 21:23:22.531 +0530 [debug] (request.js) Checking request template for multi-oauth app
2026-08-11 21:23:22.533 +0530 [warn] Please ensure that the following are addressed for quick review process:
2026-08-11 21:23:22.533 +0530 [warn] [33m⚠[39m app/scripts/app.js::28: 'client' declared and assigned in different scopes. Possible asynchronous race condition.
2026-08-11 21:23:22.533 +0530 [warn] [33m⚠[39m app/scripts/app.js::92: Function 'render' has a complexity of 8. Maximum allowed is 7.
2026-08-11 21:23:22.533 +0530 [warn] [33m⚠[39m app/scripts/app.js::170: Function 'parseInvokeResponse' has a complexity of 9. Maximum allowed is 7.
2026-08-11 21:23:22.533 +0530 [warn] [33m⚠[39m app/scripts/dashboard.js::35: 'client' declared and assigned in different scopes. Possible asynchronous race condition.
2026-08-11 21:23:22.533 +0530 [warn] [33m⚠[39m app/scripts/dashboard.js::102: Function 'render' has a complexity of 17. Maximum allowed is 7.
2026-08-11 21:23:22.533 +0530 [warn] [33m⚠[39m app/scripts/dashboard.js::151: Arrow function has a complexity of 8. Maximum allowed is 7.
2026-08-11 21:23:22.533 +0530 [warn] [33m⚠[39m app/scripts/dashboard.js::177: Arrow function has a complexity of 9. Maximum allowed is 7.
2026-08-11 21:23:22.533 +0530 [warn] [33m⚠[39m app/scripts/dashboard.js::224: Function 'parseInvokeResponse' has a complexity of 9. Maximum allowed is 7.
2026-08-11 21:23:22.533 +0530 [warn] [33m⚠[39m app/scripts/order_action_modal.js::30: 'client' declared and assigned in different scopes. Possible asynchronous race condition.
2026-08-11 21:23:22.533 +0530 [warn] [33m⚠[39m app/scripts/order_action_modal.js::32: 'modalData' declared and assigned in different scopes. Possible asynchronous race condition.
2026-08-11 21:23:22.533 +0530 [warn] [33m⚠[39m app/scripts/order_action_modal.js::33: 'selectedOrder' declared and assigned in different scopes. Possible asynchronous race condition.
2026-08-11 21:23:22.533 +0530 [warn] [33m⚠[39m app/scripts/order_action_modal.js::34: 'selectedMode' declared and assigned in different scopes. Possible asynchronous race condition.
2026-08-11 21:23:22.533 +0530 [warn] [33m⚠[39m app/scripts/order_action_modal.js::74: Function 'renderModal' has a complexity of 8. Maximum allowed is 7.
2026-08-11 21:23:22.533 +0530 [warn] [33m⚠[39m app/scripts/order_action_modal.js::105: Function 'populateRefundForm' has a complexity of 11. Maximum allowed is 7.
2026-08-11 21:23:22.533 +0530 [warn] [33m⚠[39m app/scripts/order_action_modal.js::126: Function 'renderRefundItemRow' has a complexity of 12. Maximum allowed is 7.
2026-08-11 21:23:22.533 +0530 [warn] [33m⚠[39m app/scripts/order_action_modal.js::269: Async function 'notifySidebar' has a complexity of 8. Maximum allowed is 7.
2026-08-11 21:23:22.533 +0530 [warn] [33m⚠[39m app/scripts/order_action_modal.js::377: 'submitting' declared and assigned in different scopes. Possible asynchronous race condition.
2026-08-11 21:23:22.533 +0530 [warn] [33m⚠[39m app/scripts/runtime.js::67: 'client' declared and assigned in different scopes. Possible asynchronous race condition.
2026-08-11 21:23:22.533 +0530 [warn] [33m⚠[39m app/scripts/runtime.js::520: Async function 'applyRules' has a complexity of 24. Maximum allowed is 7.
2026-08-11 21:23:22.533 +0530 [warn] [33m⚠[39m app/scripts/runtime.js::885: Arrow function has a complexity of 14. Maximum allowed is 7.
2026-08-11 21:23:22.533 +0530 [warn] [33m⚠[39m app/scripts/runtime.js::941: Async function 'applyFieldOptions' has a complexity of 26. Maximum allowed is 7.
2026-08-11 21:23:22.533 +0530 [warn] [33m⚠[39m app/scripts/runtime.js::1118: Async function 'runPostSetOptionsPayloads' has a complexity of 11. Maximum allowed is 7.
2026-08-11 21:23:22.533 +0530 [warn] [33m⚠[39m app/scripts/runtime.js::1328: Arrow function has a complexity of 11. Maximum allowed is 7.
2026-08-11 21:23:22.533 +0530 [warn] [33m⚠[39m app/scripts/runtime.js::1364: Async function 'resolveAvailableOptions' has a complexity of 10. Maximum allowed is 7.
2026-08-11 21:23:22.533 +0530 [warn] [33m⚠[39m app/scripts/runtime.js::1416: possible deprecated API usage detected
2026-08-11 21:23:22.533 +0530 [warn] [33m⚠[39m app/scripts/runtime.js::1423: Function 'resolveDependentHierarchyOptionRecords' has a complexity of 14. Maximum allowed is 7.
2026-08-11 21:23:22.533 +0530 [warn] [33m⚠[39m app/scripts/runtime.js::1470: Arrow function has a complexity of 9. Maximum allowed is 7.
2026-08-11 21:23:22.533 +0530 [warn] [33m⚠[39m app/scripts/runtime.js::1507: Function 'choiceNodeMatchesHiddenValue' has a complexity of 11. Maximum allowed is 7.
2026-08-11 21:23:22.533 +0530 [warn] [33m⚠[39m app/scripts/runtime.js::1568: Function 'buildDependentOptionPayload' has a complexity of 11. Maximum allowed is 7.
2026-08-11 21:23:22.533 +0530 [warn] [33m⚠[39m app/scripts/runtime.js::1921: Function 'getDependentRootOptionValues' has a complexity of 8. Maximum allowed is 7.
2026-08-11 21:23:22.533 +0530 [warn] [33m⚠[39m app/scripts/runtime.js::1945: Function 'getDependentRootElementId' has a complexity of 8. Maximum allowed is 7.
2026-08-11 21:23:22.533 +0530 [warn] [33m⚠[39m app/scripts/runtime.js::1971: Arrow function has a complexity of 8. Maximum allowed is 7.
2026-08-11 21:23:22.533 +0530 [warn] [33m⚠[39m app/scripts/runtime.js::1995: Function 'resolveOptionPayloadStrategies' has a complexity of 8. Maximum allowed is 7.
2026-08-11 21:23:22.533 +0530 [warn] [33m⚠[39m app/scripts/runtime.js::2114: Function 'logDependentTrace' has a complexity of 9. Maximum allowed is 7.
2026-08-11 21:23:22.533 +0530 [warn] [33m⚠[39m app/scripts/runtime.js::2223: Function 'extractObjectValue' has a complexity of 22. Maximum allowed is 7.
2026-08-11 21:23:22.533 +0530 [warn] [33m⚠[39m app/scripts/runtime.js::2305: Function 'parseInvokeResponse' has a complexity of 9. Maximum allowed is 7.
2026-08-11 21:23:22.533 +0530 [warn] [33m⚠[39m app/scripts/ticket_sidebar.js::49: 'client' declared and assigned in different scopes. Possible asynchronous race condition.
2026-08-11 21:23:22.533 +0530 [warn] [33m⚠[39m app/scripts/ticket_sidebar.js::170: Async function 'loadSidebar' has a complexity of 14. Maximum allowed is 7.
2026-08-11 21:23:22.533 +0530 [warn] [33m⚠[39m app/scripts/ticket_sidebar.js::252: Function 'normalizeTicket' has a complexity of 41. Maximum allowed is 7.
2026-08-11 21:23:22.533 +0530 [warn] [33m⚠[39m app/scripts/ticket_sidebar.js::290: Function 'normalizeRequesterData' has a complexity of 20. Maximum allowed is 7.
2026-08-11 21:23:22.533 +0530 [warn] [33m⚠[39m app/scripts/ticket_sidebar.js::399: Function 'buildCustomerEmptyState' has a complexity of 9. Maximum allowed is 7.
2026-08-11 21:23:22.533 +0530 [warn] [33m⚠[39m app/scripts/ticket_sidebar.js::418: Function 'renderHeaderCustomer' has a complexity of 8. Maximum allowed is 7.
2026-08-11 21:23:22.533 +0530 [warn] [33m⚠[39m app/scripts/ticket_sidebar.js::450: Function 'renderCustomerCard' has a complexity of 14. Maximum allowed is 7.
2026-08-11 21:23:22.533 +0530 [warn] [33m⚠[39m app/scripts/ticket_sidebar.js::533: Arrow function has a complexity of 9. Maximum allowed is 7.
2026-08-11 21:23:22.533 +0530 [warn] [33m⚠[39m app/scripts/ticket_sidebar.js::551: Arrow function has a complexity of 12. Maximum allowed is 7.
2026-08-11 21:23:22.533 +0530 [warn] [33m⚠[39m app/scripts/ticket_sidebar.js::567: Function 'renderOrderCard' has a complexity of 22. Maximum allowed is 7.
2026-08-11 21:23:22.533 +0530 [warn] [33m⚠[39m app/scripts/ticket_sidebar.js::700: Function 'renderOrderActions' has a complexity of 28. Maximum allowed is 7.
2026-08-11 21:23:22.533 +0530 [warn] [33m⚠[39m app/scripts/ticket_sidebar.js::757: Function 'renderActiveOrderPanel' has a complexity of 36. Maximum allowed is 7.
2026-08-11 21:23:22.533 +0530 [warn] [33m⚠[39m app/scripts/ticket_sidebar.js::919: Function 'renderOrderNote' has a complexity of 9. Maximum allowed is 7.
2026-08-11 21:23:22.533 +0530 [warn] [33m⚠[39m app/scripts/ticket_sidebar.js::931: Function 'renderLineItemCard' has a complexity of 10. Maximum allowed is 7.
2026-08-11 21:23:22.533 +0530 [warn] [33m⚠[39m app/scripts/ticket_sidebar.js::976: Function 'shouldCollapseEmptySection' has a complexity of 12. Maximum allowed is 7.
2026-08-11 21:23:22.533 +0530 [warn] [33m⚠[39m app/scripts/ticket_sidebar.js::1022: Async function 'handleOrderActionClick' has a complexity of 38. Maximum allowed is 7.
2026-08-11 21:23:22.533 +0530 [warn] [33m⚠[39m app/scripts/ticket_sidebar.js::1188: Function 'handleInstanceMessages' has a complexity of 14. Maximum allowed is 7.
2026-08-11 21:23:22.533 +0530 [warn] [33m⚠[39m app/scripts/ticket_sidebar.js::1422: Function 'parseInvokeResponse' has a complexity of 9. Maximum allowed is 7.
2026-08-11 21:23:22.544 +0530 [warn] [33m⚠[39m server/server.js::19: Function 'parseArgs' has a complexity of 10. Maximum allowed is 7.
2026-08-11 21:23:22.544 +0530 [warn] [33m⚠[39m server/server.js::172: Function 'formatApiErrorDetail' has a complexity of 11. Maximum allowed is 7.
2026-08-11 21:23:22.544 +0530 [warn] [33m⚠[39m server/server.js::183: Arrow function has a complexity of 10. Maximum allowed is 7.
2026-08-11 21:23:22.544 +0530 [warn] [33m⚠[39m server/server.js::216: Async function 'invokeTemplate' has a complexity of 20. Maximum allowed is 7.
2026-08-11 21:23:22.544 +0530 [warn] [33m⚠[39m server/server.js::409: Function 'normalizePrestaShopStoreRecord' has a complexity of 18. Maximum allowed is 7.
2026-08-11 21:23:22.544 +0530 [warn] [33m⚠[39m server/server.js::462: Function 'getPrestaShopFeatureFlags' has a complexity of 10. Maximum allowed is 7.
2026-08-11 21:23:22.544 +0530 [warn] [33m⚠[39m server/server.js::480: Function 'buildPrestaShopFeatureItems' has a complexity of 11. Maximum allowed is 7.
2026-08-11 21:23:22.544 +0530 [warn] [33m⚠[39m server/server.js::546: possible deprecated API usage detected
2026-08-11 21:23:22.544 +0530 [warn] [33m⚠[39m server/server.js::554: possible deprecated API usage detected
2026-08-11 21:23:22.544 +0530 [warn] [33m⚠[39m server/server.js::895: Async function 'schedulePrestaShopOrderTicketRetry' has a complexity of 9. Maximum allowed is 7.
2026-08-11 21:23:22.544 +0530 [warn] [33m⚠[39m server/server.js::1036: Function 'buildPrestaShopApiPath' has a complexity of 8. Maximum allowed is 7.
2026-08-11 21:23:22.544 +0530 [warn] [33m⚠[39m server/server.js::1114: Async function 'installPrestaShopExtensionWebhooksForStores' has a complexity of 8. Maximum allowed is 7.
2026-08-11 21:23:22.544 +0530 [warn] [33m⚠[39m server/server.js::1199: Async function 'fetchFreshdeskRequesterEmail' has a complexity of 13. Maximum allowed is 7.
2026-08-11 21:23:22.544 +0530 [warn] [33m⚠[39m server/server.js::1210: Async function 'fetchFreshdeskTicketRequesterEmail' has a complexity of 31. Maximum allowed is 7.
2026-08-11 21:23:22.544 +0530 [warn] [33m⚠[39m server/server.js::1315: Function 'normalizeAddress' has a complexity of 20. Maximum allowed is 7.
2026-08-11 21:23:22.545 +0530 [warn] [33m⚠[39m server/server.js::1360: Function 'mergePrestaShopOrderPayload' has a complexity of 12. Maximum allowed is 7.
2026-08-11 21:23:22.545 +0530 [warn] [33m⚠[39m server/server.js::1375: Arrow function has a complexity of 11. Maximum allowed is 7.
2026-08-11 21:23:22.545 +0530 [warn] [33m⚠[39m server/server.js::1435: Function 'normalizePrestaShopGroupName' has a complexity of 8. Maximum allowed is 7.
2026-08-11 21:23:22.545 +0530 [warn] [33m⚠[39m server/server.js::1444: Function 'getPrestaShopCustomerTotalSpent' has a complexity of 11. Maximum allowed is 7.
2026-08-11 21:23:22.545 +0530 [warn] [33m⚠[39m server/server.js::1467: Function 'normalizeCustomerRecord' has a complexity of 40. Maximum allowed is 7.
2026-08-11 21:23:22.545 +0530 [warn] [33m⚠[39m server/server.js::1516: Async function 'fetchPrestaShopCustomerGroupName' has a complexity of 8. Maximum allowed is 7.
2026-08-11 21:23:22.545 +0530 [warn] [33m⚠[39m server/server.js::1557: Function 'getOrderShippingAddress' has a complexity of 9. Maximum allowed is 7.
2026-08-11 21:23:22.545 +0530 [warn] [33m⚠[39m server/server.js::1565: Function 'getOrderShippingMethod' has a complexity of 9. Maximum allowed is 7.
2026-08-11 21:23:22.545 +0530 [warn] [33m⚠[39m server/server.js::1589: Function 'normalizeProductOptionRecord' has a complexity of 10. Maximum allowed is 7.
2026-08-11 21:23:22.545 +0530 [warn] [33m⚠[39m server/server.js::1599: Function 'normalizeProductOption' has a complexity of 10. Maximum allowed is 7.
2026-08-11 21:23:22.545 +0530 [warn] [33m⚠[39m server/server.js::1617: Function 'normalizeOrderLineItem' has a complexity of 19. Maximum allowed is 7.
2026-08-11 21:23:22.545 +0530 [warn] [33m⚠[39m server/server.js::1654: Function 'buildCarrierTrackingUrl' has a complexity of 13. Maximum allowed is 7.
2026-08-11 21:23:22.545 +0530 [warn] [33m⚠[39m server/server.js::1677: Function 'normalizeShipmentTrack' has a complexity of 25. Maximum allowed is 7.
2026-08-11 21:23:22.545 +0530 [warn] [33m⚠[39m server/server.js::1753: Function 'buildOrderActionAvailability' has a complexity of 9. Maximum allowed is 7.
2026-08-11 21:23:22.545 +0530 [warn] [33m⚠[39m server/server.js::1812: Function 'hasPrestaShopShippingAddress' has a complexity of 8. Maximum allowed is 7.
2026-08-11 21:23:22.545 +0530 [warn] [33m⚠[39m server/server.js::1821: Function 'normalizeOrderRecord' has a complexity of 61. Maximum allowed is 7.
2026-08-11 21:23:22.545 +0530 [warn] [33m⚠[39m server/server.js::1893: Function 'normalizeGuestCustomerFromOrder' has a complexity of 10. Maximum allowed is 7.
2026-08-11 21:23:22.545 +0530 [warn] [33m⚠[39m server/server.js::1923: Function 'buildSearchQuery' has a complexity of 9. Maximum allowed is 7.
2026-08-11 21:23:22.545 +0530 [warn] [33m⚠[39m server/server.js::1967: Function 'buildOrderSearchText' has a complexity of 8. Maximum allowed is 7.
2026-08-11 21:23:22.545 +0530 [warn] [33m⚠[39m server/server.js::2028: Async function 'searchStoreOrders' has a complexity of 9. Maximum allowed is 7.
2026-08-11 21:23:22.545 +0530 [warn] [33m⚠[39m server/server.js::2161: Function 'storeHasRegisteredCustomerEmail' has a complexity of 9. Maximum allowed is 7.
2026-08-11 21:23:22.545 +0530 [warn] [33m⚠[39m server/server.js::2210: Arrow function has a complexity of 10. Maximum allowed is 7.
2026-08-11 21:23:22.545 +0530 [warn] [33m⚠[39m server/server.js::2237: Arrow function has a complexity of 12. Maximum allowed is 7.
2026-08-11 21:23:22.545 +0530 [warn] [33m⚠[39m server/server.js::2261: Async function 'finalizePrestaShopSidebarData' has a complexity of 8. Maximum allowed is 7.
2026-08-11 21:23:22.545 +0530 [warn] [33m⚠[39m server/server.js::2301: Async function 'collectGlobalPrestaShopSearchData' has a complexity of 9. Maximum allowed is 7.
2026-08-11 21:23:22.545 +0530 [warn] [33m⚠[39m server/server.js::2357: Async function 'collectPrestaShopSidebarData' has a complexity of 26. Maximum allowed is 7.
2026-08-11 21:23:22.545 +0530 [warn] [33m⚠[39m server/server.js::2586: Function 'buildFreshdeskContactPayloadFromPrestaShopCustomer' has a complexity of 10. Maximum allowed is 7.
2026-08-11 21:23:22.545 +0530 [warn] [33m⚠[39m server/server.js::2635: Function 'normalizeFreshdeskDefaultPayloadValue' has a complexity of 9. Maximum allowed is 7.
2026-08-11 21:23:22.545 +0530 [warn] [33m⚠[39m server/server.js::2679: Arrow function has a complexity of 8. Maximum allowed is 7.
2026-08-11 21:23:22.545 +0530 [warn] [33m⚠[39m server/server.js::2714: Function 'getFreshdeskMissingCustomFieldFallback' has a complexity of 8. Maximum allowed is 7.
2026-08-11 21:23:22.545 +0530 [warn] [33m⚠[39m server/server.js::2741: Arrow function has a complexity of 9. Maximum allowed is 7.
2026-08-11 21:23:22.545 +0530 [warn] [33m⚠[39m server/server.js::2782: Async function 'syncFreshdeskContactForPrestaShopCustomer' has a complexity of 16. Maximum allowed is 7.
2026-08-11 21:23:22.545 +0530 [warn] [33m⚠[39m server/server.js::2852: Function 'buildOrderCreatedTicketDescription' has a complexity of 9. Maximum allowed is 7.
2026-08-11 21:23:22.545 +0530 [warn] [33m⚠[39m server/server.js::2878: Async function 'createFreshdeskTicketForPrestaShopEvent' has a complexity of 12. Maximum allowed is 7.
2026-08-11 21:23:22.545 +0530 [warn] [33m⚠[39m server/server.js::2908: Async function 'processPrestaShopCustomerEvent' has a complexity of 13. Maximum allowed is 7.
2026-08-11 21:23:22.545 +0530 [warn] [33m⚠[39m server/server.js::2934: Async function 'processPrestaShopOrderCreatedEvent' has a complexity of 35. Maximum allowed is 7.
2026-08-11 21:23:22.545 +0530 [warn] [33m⚠[39m server/server.js::3091: Function 'buildExternalEventPayloadDiagnostics' has a complexity of 17. Maximum allowed is 7.
2026-08-11 21:23:22.545 +0530 [warn] [33m⚠[39m server/server.js::3182: Function 'buildPrestaShopExtensionShippingPayload' has a complexity of 12. Maximum allowed is 7.
2026-08-11 21:23:22.545 +0530 [warn] [33m⚠[39m server/server.js::3251: Async method 'onExternalEvent' has a complexity of 40. Maximum allowed is 7.
2026-08-11 21:23:22.545 +0530 [warn] [33m⚠[39m server/server.js::3307: Async method 'onScheduledEvent' has a complexity of 8. Maximum allowed is 7.
2026-08-11 21:23:22.545 +0530 [warn] 
[1mYour app might be using one or more API endpoints that will be deprecated soon. Please go through the deprecation notice (https://community.freshworks.dev/t/freshservice-rest-api-v1-deprecation-notice/5899) to find alternate resources.[0m
2026-08-11 21:23:22.545 +0530 [warn] 
2026-08-11 21:23:22.545 +0530 [info] App being packed in Node v24.11.1 using FDK 10.0.1
2026-08-11 21:23:22.545 +0530 [debug] (report.js) Generating hash for report.json file
2026-08-11 21:23:22.545 +0530 [debug] (data.js) Read {"report_hash":"037e6fd250ea787d2b63ef507d51506335c3b1f8c2814fe5eb78d230e183e5a0","try_ag_101_101_migrate_oauth_status":true,"try_ag_101_101_modules":{"try_ag_101_101_system_settings":{"currentHost":{"endpoint_urls":{"freshdesk":"https://driveautomation-support.freshdesk.com"},"subscribed_modules":["support_ticket"]}},"try_ag_101_101_custom_iparams":{"domain":"driveautomation-help.freshdesk.com","api_key":"ZGlPajRKTkFqUHl5U3dUejVjeXQ6WA==","exception_statuses":["resolved","waiting_on_customer","waiting_on_third_party"]}},"try_ag_101_101_schedule_onScheduledEvent_modules":{"name":"onScheduledEvent","data":{"ticket_id":1,"subject":"Email address change","scheduled_time":1751717760000,"current_status":"6","assigned_to":{"id":null,"name":"Unassigned"},"created_by":{"id":1130000122217,"name":"Test Test"},"created_at":1751717337298},"schedule_at":"2025-07-05T12:16:00.000Z"},"try_ag_101_101_schedule_reopen_schedule_1_modules":{"name":"reopen_schedule_1","data":{"ticket_id":1,"subject":"Email address change","scheduled_time":1752048000000,"current_status":"2","created_by":{"id":1130000122217,"name":"Falcon Saas"}},"schedule_at":"2025-07-09T08:00:00.000Z","event":"onScheduledEvent"},"try-again:reopen_schedule_1_modules":{"ticket_id":1,"subject":"Email address change","scheduled_time":1752048000000,"current_status":"2","assigned_to":{"id":null,"name":"Unassigned"},"created_by":{"id":1130000122217,"name":"Falcon Saas"},"created_at":1752047511210,"createdAt":1752047511266,"updatedAt":1752047511266,"clientProduct":"freshdesk"},"try-again:reopen_schedule_keys_modules":{"0":"reopen_schedule_1","createdAt":1752047541785,"updatedAt":1752047541785,"clientProduct":"freshdesk"},"schedu_101_101_migrate_oauth_status":true}
2026-08-11 21:23:22.545 +0530 [debug] (report.js) Comparing the stored hash with report.json file hash
2026-08-11 21:23:22.550 +0530 [debug] (pack.js) Cannot find './visitor-app' directory while packing.
2026-08-11 21:23:22.550 +0530 [debug] (pack.js) Cannot find './src' directory while packing.
2026-08-11 21:23:22.551 +0530 [debug] (file.js) Computing digest for app/dashboard.html,app/icon.svg,app/index.html,app/order_action_modal.html,app/runtime.html,app/scripts/app.js,app/scripts/dashboard.js,app/scripts/order_action_modal.js,app/scripts/runtime.js,app/scripts/ticket_sidebar.js,app/ticket_sidebar.html,manifest.json.
2026-08-11 21:23:22.552 +0530 [debug] (pack.js) Packing ./app/dashboard.html
2026-08-11 21:23:22.554 +0530 [debug] (pack.js) Packing ./app/icon.svg
2026-08-11 21:23:22.554 +0530 [debug] (pack.js) Packing ./app/index.html
2026-08-11 21:23:22.555 +0530 [debug] (pack.js) Packing ./app/order_action_modal.html
2026-08-11 21:23:22.556 +0530 [debug] (pack.js) Packing ./app/runtime.html
2026-08-11 21:23:22.556 +0530 [debug] (pack.js) Packing ./app/scripts/app.js
2026-08-11 21:23:22.557 +0530 [debug] (pack.js) Packing ./app/scripts/dashboard.js
2026-08-11 21:23:22.558 +0530 [debug] (pack.js) Packing ./app/scripts/order_action_modal.js
2026-08-11 21:23:22.560 +0530 [debug] (pack.js) Packing ./app/scripts/runtime.js
2026-08-11 21:23:22.566 +0530 [debug] (pack.js) Packing ./app/scripts/ticket_sidebar.js
2026-08-11 21:23:22.573 +0530 [debug] (pack.js) Packing ./app/ticket_sidebar.html
2026-08-11 21:23:22.575 +0530 [debug] (pack.js) Packing ./server/server.js
2026-08-11 21:23:22.584 +0530 [debug] (pack.js) Packing ./config/assets/iparams.js
2026-08-11 21:23:22.587 +0530 [debug] (pack.js) Packing ./config/iparams.html
2026-08-11 21:23:22.587 +0530 [debug] (pack.js) Packing ./config/requests.json
2026-08-11 21:23:22.587 +0530 [debug] (pack.js) Packing ./manifest.json
2026-08-11 21:23:22.587 +0530 [debug] (pack.js) Packing ./.report.json
2026-08-11 21:23:22.587 +0530 [debug] (pack.js) Packing ./.meta.json
2026-08-11 21:23:22.587 +0530 [debug] (pack.js) Packing ./digest.md5
2026-08-11 21:23:22.598 +0530 [debug] (validate.js) asked to skip the following validations, 
2026-08-11 21:23:22.598 +0530 [debug] (validate.js) skipping validator actions
2026-08-11 21:23:22.598 +0530 [debug] (validate.js) skipping validator requests
2026-08-11 21:23:22.598 +0530 [debug] (validate.js) skipping validator app-dir
2026-08-11 21:23:22.598 +0530 [debug] (validate.js) skipping validator config-dir
2026-08-11 21:23:22.598 +0530 [debug] (validate.js) skipping validator custom-objects
2026-08-11 21:23:22.598 +0530 [debug] (validate.js) skipping validator event
2026-08-11 21:23:22.598 +0530 [debug] (validate.js) skipping validator iparam
2026-08-11 21:23:22.598 +0530 [debug] (validate.js) skipping validator lint
2026-08-11 21:23:22.598 +0530 [debug] (validate.js) skipping validator manifest
2026-08-11 21:23:22.598 +0530 [debug] (validate.js) skipping validator manifest-dependency
2026-08-11 21:23:22.598 +0530 [debug] (validate.js) skipping validator oauth
2026-08-11 21:23:22.598 +0530 [debug] (validate.js) running validator pkgsize
2026-08-11 21:23:22.598 +0530 [debug] (validate.js) skipping validator schema
2026-08-11 21:23:22.598 +0530 [debug] (validate.js) skipping validator version-check
2026-08-11 21:23:22.598 +0530 [debug] (validate.js) skipping validator app-settings
2026-08-11 21:23:22.598 +0530 [info] App packed successfully at /dist/PrestaConnector.zip
2026-08-11 21:23:22.598 +0530 [info] Upload this file to the marketplace by following the instructions at https://developers.freshworks.com/docs/app-sdk/v3.0/common/app-submission-process/
2026-08-11 21:23:22.598 +0530 [debug] (file.js) Deleting digest.
2026-08-11 21:23:22.605 +0530 [debug] (report.js) Generating hash for report.json file
2026-08-11 22:23:58.314 +0530 [debug] (configs.js) loaded default configs as "{"updates":{"manifest_url":"https://cdn.freshdev.io/assets/fdk/updates.json","changelog_url":"https://cdn.freshdev.io/assets/fdk/change-log.json","period":24},"log":{"level":"info"},"javascript":{"ecma_version":2020},"request":{"timeout":15000},"global_apps":{"enabled":true},"easel":{"enabled":false},"job":{"timeout":120000}}"
2026-08-11 22:23:58.318 +0530 [debug] (configs.js) loaded global configs as "{"request":{"timeout":15000},"global_apps":{"enabled":"true"},"job":{"timeout":120000}}"
2026-08-11 22:23:58.318 +0530 [debug] (configs.js) loaded local configs as "{"global_apps":{"enabled":"true"},"request":{"timeout":15000},"job":{"timeout":120000}}"
2026-08-11 22:23:58.318 +0530 [debug] (configs.js) loaded env configs as "{"updates":{},"log":{},"javascript":{},"request":{"timeout":15000},"job":{"timeout":120000}}"
2026-08-11 22:23:58.318 +0530 [debug] (configs.js) loaded resolved configs as "{"updates":{"manifest_url":"https://cdn.freshdev.io/assets/fdk/updates.json","changelog_url":"https://cdn.freshdev.io/assets/fdk/change-log.json","period":24},"log":{"level":"info"},"javascript":{"ecma_version":2020},"request":{"timeout":15000},"global_apps":{"enabled":"true"},"easel":{"enabled":false},"job":{"timeout":120000}}"
2026-08-11 22:23:58.318 +0530 [debug] (logger.js) Starting FDK in node v24.11.1 on darwin
2026-08-11 22:23:58.318 +0530 [debug] (sequelize.js) setting up sqilite at "/Users/akashram/Desktop/fw Projects/PrestaConnector/.fdk/store.sqlite"
2026-08-11 22:23:58.318 +0530 [debug] (data.js) Read {"version_details":{"cli":{"deprecated":{"version":"<9","message":"This FDK version has been deprecated. There will be no further feature updates to this version. For a seamless app-building experience, ensure to move to the latest FDK version. For more information, see https://developers.freshworks.com/docs/app-sdk/v2.3/freshdesk/migration-guide/#migrate-to-the-latest-platform-version."},"forced":{"version":"7.0.0","command":"npm install https://dl.freshdev.io/cli/fdk-7.0.0.tgz -g","message":"Your FDK version has been forced updated to v7.0.0, please visit https://community.developers.freshworks.com/t/fdk-v7-0-announcing-node-js-v12-and-es6-support/3606 to know more"},"latest":{"version":"10.1.9","command":"npm install https://cdn.freshdev.io/fdk/latest-v24.tgz -g","message":"You are on the latest FDK version. For information on the features available as part of this FDK version, see https://developers.freshworks.com/docs/?tab=modules."}},"addon":{"version":"2.2.9","url":"https://cdn.freshdev.io/assets/fdk/addons/addon.zip"}},"last_updated":{"time_stamp":1786446561575}}
2026-08-11 22:23:58.319 +0530 [debug] (updater.js) last check less than 24 hours ago, not looking for updates
2026-08-11 22:23:58.320 +0530 [debug] (index.js) running with opts {}
2026-08-11 22:23:58.383 +0530 [debug] (data.js) Read {"version_details":{"cli":{"deprecated":{"version":"<9","message":"This FDK version has been deprecated. There will be no further feature updates to this version. For a seamless app-building experience, ensure to move to the latest FDK version. For more information, see https://developers.freshworks.com/docs/app-sdk/v2.3/freshdesk/migration-guide/#migrate-to-the-latest-platform-version."},"forced":{"version":"7.0.0","command":"npm install https://dl.freshdev.io/cli/fdk-7.0.0.tgz -g","message":"Your FDK version has been forced updated to v7.0.0, please visit https://community.developers.freshworks.com/t/fdk-v7-0-announcing-node-js-v12-and-es6-support/3606 to know more"},"latest":{"version":"10.1.9","command":"npm install https://cdn.freshdev.io/fdk/latest-v24.tgz -g","message":"You are on the latest FDK version. For information on the features available as part of this FDK version, see https://developers.freshworks.com/docs/?tab=modules."}},"addon":{"version":"2.2.9","url":"https://cdn.freshdev.io/assets/fdk/addons/addon.zip"}},"last_updated":{"time_stamp":1786446561575}}
2026-08-11 22:23:58.384 +0530 [debug] (manifest.js) Reloading manifest with {"platform-version":"3.0","modules":{"common":{"location":{"full_page_app":{"url":"dashboard.html","icon":"icon.svg"}},"requests":{"verify_freshdesk_credentials":{},"verify_prestashop_store_live":{},"freshdesk_get_live":{},"freshdesk_post_live":{},"freshdesk_put_live":{},"prestashop_get_live":{},"prestashop_post_live":{},"prestashop_put_live":{},"prestashop_delete_live":{}},"events":{"onAppInstall":{"handler":"onAppInstall"},"afterAppUpdate":{"handler":"afterAppUpdate"},"onAppUninstall":{"handler":"onAppUninstall"},"onExternalEvent":{"handler":"onExternalEvent"},"onScheduledEvent":{"handler":"onScheduledEvent"}},"functions":{"getDashboardData":{},"getSidebarData":{},"persistPrestaShopStoresSecurely":{},"reconnectPrestaShopSync":{},"getPrestaShopOrderNotes":{},"addPrestaShopOrderNote":{},"applyPrestaShopOrderCoupon":{},"refundPrestaShopOrder":{},"cancelPrestaShopOrder":{},"updatePrestaShopOrderShipping":{}}},"support_ticket":{"events":{"onTicketUpdate":{"handler":"handleTicketUpdate"},"onConversationCreate":{"handler":"handleConversationCreate"}},"location":{"ticket_sidebar":{"url":"ticket_sidebar.html","icon":"icon.svg"}}}},"engines":{"node":"24.11.0","fdk":"10.0.1"},"app":{"tracking_id":"s9hytuyr897n65hk7927","start_time":"2025-06-07T14:05:19.420Z"}}.
2026-08-11 22:23:58.384 +0530 [debug] (manifest.js) Inferred db,backend as features.
2026-08-11 22:23:58.385 +0530 [debug] (data.js) Read {"version_details":{"cli":{"deprecated":{"version":"<9","message":"This FDK version has been deprecated. There will be no further feature updates to this version. For a seamless app-building experience, ensure to move to the latest FDK version. For more information, see https://developers.freshworks.com/docs/app-sdk/v2.3/freshdesk/migration-guide/#migrate-to-the-latest-platform-version."},"forced":{"version":"7.0.0","command":"npm install https://dl.freshdev.io/cli/fdk-7.0.0.tgz -g","message":"Your FDK version has been forced updated to v7.0.0, please visit https://community.developers.freshworks.com/t/fdk-v7-0-announcing-node-js-v12-and-es6-support/3606 to know more"},"latest":{"version":"10.1.9","command":"npm install https://cdn.freshdev.io/fdk/latest-v24.tgz -g","message":"You are on the latest FDK version. For information on the features available as part of this FDK version, see https://developers.freshworks.com/docs/?tab=modules."}},"addon":{"version":"2.2.9","url":"https://cdn.freshdev.io/assets/fdk/addons/addon.zip"}},"last_updated":{"time_stamp":1786446561575}}
2026-08-11 22:23:58.498 +0530 [debug] (coverage.js) INIT: About to merge initial coverage data with 3 files
2026-08-11 22:23:58.499 +0530 [debug] (coverage.js) INIT: After merge - Files in map: 3
2026-08-11 22:23:58.511 +0530 [debug] (index.js) Initializing AJV schemas from individual files
2026-08-11 22:23:58.511 +0530 [debug] (index.js) Compiling schemas...
2026-08-11 22:23:58.516 +0530 [debug] (index.js) All schemas compiled successfully
2026-08-11 22:23:58.649 +0530 [debug] (index.js) 'schema: ' [object Object]
2026-08-11 22:23:58.652 +0530 [debug] (index.js) 'schema: ' [object Object]
2026-08-11 22:23:58.652 +0530 [debug] (index.js) 'schema: ' [object Object]
2026-08-11 22:23:58.652 +0530 [debug] (index.js) 'schema: ' [object Object]
2026-08-11 22:23:58.653 +0530 [debug] (index.js) 'schema: ' [object Object]
2026-08-11 22:23:58.654 +0530 [debug] (index.js) 'schema: ' [object Object]
2026-08-11 22:23:58.654 +0530 [debug] (index.js) 'schema: ' [object Object]
2026-08-11 22:23:58.656 +0530 [debug] (index.js) 'schema: ' [object Object]
2026-08-11 22:23:58.656 +0530 [debug] (index.js) 'schema: ' [object Object]
2026-08-11 22:23:58.656 +0530 [debug] (index.js) 'schema: ' [object Object]
2026-08-11 22:23:58.658 +0530 [debug] (index.js) 'schema: ' [object Object]
2026-08-11 22:23:58.659 +0530 [debug] (index.js) 'schema: ' [object Object]
2026-08-11 22:23:58.660 +0530 [debug] (index.js) 'schema: ' [object Object]
2026-08-11 22:23:58.660 +0530 [debug] (index.js) 'schema: ' [object Object]
2026-08-11 22:23:58.660 +0530 [debug] (index.js) 'schema: ' [object Object]
2026-08-11 22:23:58.661 +0530 [debug] (index.js) 'schema: ' [object Object]
2026-08-11 22:23:58.662 +0530 [debug] (index.js) 'schema: ' [object Object]
2026-08-11 22:23:58.666 +0530 [debug] (index.js) 'schema: ' [object Object]
2026-08-11 22:23:58.859 +0530 [debug] (pack.js) 'pack' called with {}
2026-08-11 22:23:58.859 +0530 [debug] (validate.js) asked to skip the following validations, 
2026-08-11 22:23:58.859 +0530 [debug] (validate.js) running validator actions
2026-08-11 22:23:58.859 +0530 [debug] (validate.js) running validator requests
2026-08-11 22:23:58.859 +0530 [debug] (requests.js) validating request template for "verify_freshdesk_credentials"
2026-08-11 22:23:58.859 +0530 [debug] (validate.js) running validator app-dir
2026-08-11 22:23:58.859 +0530 [debug] (validate.js) running validator config-dir
2026-08-11 22:23:58.859 +0530 [debug] (config-dir.js) Checking to see if /Users/akashram/Desktop/fw Projects/PrestaConnector/config/ exists.
2026-08-11 22:23:58.859 +0530 [debug] (config-dir.js) Fetched the following config files assets,iparams.html,requests.json
2026-08-11 22:23:58.859 +0530 [debug] (validate.js) running validator custom-objects
2026-08-11 22:23:58.859 +0530 [debug] (validate.js) running validator event
2026-08-11 22:23:58.875 +0530 [debug] (event.js) Found ["onAppInstall","afterAppUpdate","onAppUninstall","onExternalEvent","onScheduledEvent","getDashboardData","getSidebarData","persistPrestaShopStoresSecurely","reconnectPrestaShopSync","getPrestaShopOrderNotes","addPrestaShopOrderNote","applyPrestaShopOrderCoupon","refundPrestaShopOrder","cancelPrestaShopOrder","updatePrestaShopOrderShipping","handleTicketUpdate","handleConversationCreate"] as exported functions.
2026-08-11 22:23:58.875 +0530 [debug] (validate.js) running validator iparam
2026-08-11 22:23:58.886 +0530 [debug] (validate.js) running validator lint
2026-08-11 22:23:58.886 +0530 [debug] (lint.js) passed fix flag: undefined
2026-08-11 22:23:58.887 +0530 [debug] (lint.js) Running the following lints on the file app/scripts/app.js : no-eval,no-alert,no-debugger,no-unreachable,no-duplicate-imports,constructor-super,for-direction,no-class-assign,no-new-native-nonconstructor,valid-typeof,no-eq-null,no-var,require-await,no-unreachable-loop,no-redeclare,no-self-assign,no-setter-return,no-shadow-restricted-names,no-this-before-super,no-unsafe-finally,no-unsafe-optional-chaining,no-unused-vars,no-useless-catch,eqeqeq,prefer-const,require-yield,no-global-assign,no-caller,no-process-env,complexity,max-nested-callbacks,handle-callback-err,getter-return,no-async-promise-executor,no-case-declarations,no-compare-neg-zero,no-cond-assign,no-const-assign,no-constant-condition,no-control-regex,no-delete-var,no-dupe-args,no-dupe-class-members,no-dupe-else-if,no-dupe-keys,no-duplicate-case,no-empty,no-empty-character-class,no-empty-pattern,no-ex-assign,no-extra-boolean-cast,no-extra-semi,no-fallthrough,no-func-assign,no-import-assign,no-inner-declarations,no-invalid-regexp,no-irregular-whitespace,no-loss-of-precision,no-misleading-character-class,no-mixed-spaces-and-tabs,no-nonoctal-decimal-escape,no-obj-calls,no-octal,no-prototype-builtins,no-regex-spaces,no-sparse-arrays,no-unexpected-multiline,no-unsafe-negation,no-unused-labels,no-useless-backreference,no-useless-escape,no-with,use-isnan,no-unpkg-cdn,no-proxy-requests,no-unhandled-promise,no-logging-rejections,no-non-client-request-model,no-deprecated-apis,no-cross-scope-assign,no-empty-function
2026-08-11 22:23:58.945 +0530 [debug] (lint.js) Running the following lints on the file app/scripts/dashboard.js : no-eval,no-alert,no-debugger,no-unreachable,no-duplicate-imports,constructor-super,for-direction,no-class-assign,no-new-native-nonconstructor,valid-typeof,no-eq-null,no-var,require-await,no-unreachable-loop,no-redeclare,no-self-assign,no-setter-return,no-shadow-restricted-names,no-this-before-super,no-unsafe-finally,no-unsafe-optional-chaining,no-unused-vars,no-useless-catch,eqeqeq,prefer-const,require-yield,no-global-assign,no-caller,no-process-env,complexity,max-nested-callbacks,handle-callback-err,getter-return,no-async-promise-executor,no-case-declarations,no-compare-neg-zero,no-cond-assign,no-const-assign,no-constant-condition,no-control-regex,no-delete-var,no-dupe-args,no-dupe-class-members,no-dupe-else-if,no-dupe-keys,no-duplicate-case,no-empty,no-empty-character-class,no-empty-pattern,no-ex-assign,no-extra-boolean-cast,no-extra-semi,no-fallthrough,no-func-assign,no-import-assign,no-inner-declarations,no-invalid-regexp,no-irregular-whitespace,no-loss-of-precision,no-misleading-character-class,no-mixed-spaces-and-tabs,no-nonoctal-decimal-escape,no-obj-calls,no-octal,no-prototype-builtins,no-regex-spaces,no-sparse-arrays,no-unexpected-multiline,no-unsafe-negation,no-unused-labels,no-useless-backreference,no-useless-escape,no-with,use-isnan,no-unpkg-cdn,no-proxy-requests,no-unhandled-promise,no-logging-rejections,no-non-client-request-model,no-deprecated-apis,no-cross-scope-assign,no-empty-function
2026-08-11 22:23:58.953 +0530 [debug] (lint.js) Running the following lints on the file app/scripts/order_action_modal.js : no-eval,no-alert,no-debugger,no-unreachable,no-duplicate-imports,constructor-super,for-direction,no-class-assign,no-new-native-nonconstructor,valid-typeof,no-eq-null,no-var,require-await,no-unreachable-loop,no-redeclare,no-self-assign,no-setter-return,no-shadow-restricted-names,no-this-before-super,no-unsafe-finally,no-unsafe-optional-chaining,no-unused-vars,no-useless-catch,eqeqeq,prefer-const,require-yield,no-global-assign,no-caller,no-process-env,complexity,max-nested-callbacks,handle-callback-err,getter-return,no-async-promise-executor,no-case-declarations,no-compare-neg-zero,no-cond-assign,no-const-assign,no-constant-condition,no-control-regex,no-delete-var,no-dupe-args,no-dupe-class-members,no-dupe-else-if,no-dupe-keys,no-duplicate-case,no-empty,no-empty-character-class,no-empty-pattern,no-ex-assign,no-extra-boolean-cast,no-extra-semi,no-fallthrough,no-func-assign,no-import-assign,no-inner-declarations,no-invalid-regexp,no-irregular-whitespace,no-loss-of-precision,no-misleading-character-class,no-mixed-spaces-and-tabs,no-nonoctal-decimal-escape,no-obj-calls,no-octal,no-prototype-builtins,no-regex-spaces,no-sparse-arrays,no-unexpected-multiline,no-unsafe-negation,no-unused-labels,no-useless-backreference,no-useless-escape,no-with,use-isnan,no-unpkg-cdn,no-proxy-requests,no-unhandled-promise,no-logging-rejections,no-non-client-request-model,no-deprecated-apis,no-cross-scope-assign,no-empty-function
2026-08-11 22:23:58.964 +0530 [debug] (lint.js) Running the following lints on the file app/scripts/runtime.js : no-eval,no-alert,no-debugger,no-unreachable,no-duplicate-imports,constructor-super,for-direction,no-class-assign,no-new-native-nonconstructor,valid-typeof,no-eq-null,no-var,require-await,no-unreachable-loop,no-redeclare,no-self-assign,no-setter-return,no-shadow-restricted-names,no-this-before-super,no-unsafe-finally,no-unsafe-optional-chaining,no-unused-vars,no-useless-catch,eqeqeq,prefer-const,require-yield,no-global-assign,no-caller,no-process-env,complexity,max-nested-callbacks,handle-callback-err,getter-return,no-async-promise-executor,no-case-declarations,no-compare-neg-zero,no-cond-assign,no-const-assign,no-constant-condition,no-control-regex,no-delete-var,no-dupe-args,no-dupe-class-members,no-dupe-else-if,no-dupe-keys,no-duplicate-case,no-empty,no-empty-character-class,no-empty-pattern,no-ex-assign,no-extra-boolean-cast,no-extra-semi,no-fallthrough,no-func-assign,no-import-assign,no-inner-declarations,no-invalid-regexp,no-irregular-whitespace,no-loss-of-precision,no-misleading-character-class,no-mixed-spaces-and-tabs,no-nonoctal-decimal-escape,no-obj-calls,no-octal,no-prototype-builtins,no-regex-spaces,no-sparse-arrays,no-unexpected-multiline,no-unsafe-negation,no-unused-labels,no-useless-backreference,no-useless-escape,no-with,use-isnan,no-unpkg-cdn,no-proxy-requests,no-unhandled-promise,no-logging-rejections,no-non-client-request-model,no-deprecated-apis,no-cross-scope-assign,no-empty-function
2026-08-11 22:23:59.011 +0530 [debug] (lint.js) Running the following lints on the file app/scripts/ticket_sidebar.js : no-eval,no-alert,no-debugger,no-unreachable,no-duplicate-imports,constructor-super,for-direction,no-class-assign,no-new-native-nonconstructor,valid-typeof,no-eq-null,no-var,require-await,no-unreachable-loop,no-redeclare,no-self-assign,no-setter-return,no-shadow-restricted-names,no-this-before-super,no-unsafe-finally,no-unsafe-optional-chaining,no-unused-vars,no-useless-catch,eqeqeq,prefer-const,require-yield,no-global-assign,no-caller,no-process-env,complexity,max-nested-callbacks,handle-callback-err,getter-return,no-async-promise-executor,no-case-declarations,no-compare-neg-zero,no-cond-assign,no-const-assign,no-constant-condition,no-control-regex,no-delete-var,no-dupe-args,no-dupe-class-members,no-dupe-else-if,no-dupe-keys,no-duplicate-case,no-empty,no-empty-character-class,no-empty-pattern,no-ex-assign,no-extra-boolean-cast,no-extra-semi,no-fallthrough,no-func-assign,no-import-assign,no-inner-declarations,no-invalid-regexp,no-irregular-whitespace,no-loss-of-precision,no-misleading-character-class,no-mixed-spaces-and-tabs,no-nonoctal-decimal-escape,no-obj-calls,no-octal,no-prototype-builtins,no-regex-spaces,no-sparse-arrays,no-unexpected-multiline,no-unsafe-negation,no-unused-labels,no-useless-backreference,no-useless-escape,no-with,use-isnan,no-unpkg-cdn,no-proxy-requests,no-unhandled-promise,no-logging-rejections,no-non-client-request-model,no-deprecated-apis,no-cross-scope-assign,no-empty-function
2026-08-11 22:23:59.042 +0530 [debug] (lint.js) Running the following lints on the file server/server.js : no-eval,no-alert,no-debugger,no-unreachable,no-duplicate-imports,constructor-super,for-direction,no-class-assign,no-new-native-nonconstructor,valid-typeof,no-eq-null,no-var,require-await,no-unreachable-loop,no-redeclare,no-self-assign,no-setter-return,no-shadow-restricted-names,no-this-before-super,no-unsafe-finally,no-unsafe-optional-chaining,no-unused-vars,no-useless-catch,eqeqeq,prefer-const,require-yield,no-global-assign,no-caller,no-process-env,complexity,max-nested-callbacks,handle-callback-err,getter-return,no-async-promise-executor,no-case-declarations,no-compare-neg-zero,no-cond-assign,no-const-assign,no-constant-condition,no-control-regex,no-delete-var,no-dupe-args,no-dupe-class-members,no-dupe-else-if,no-dupe-keys,no-duplicate-case,no-empty,no-empty-character-class,no-empty-pattern,no-ex-assign,no-extra-boolean-cast,no-extra-semi,no-fallthrough,no-func-assign,no-import-assign,no-inner-declarations,no-invalid-regexp,no-irregular-whitespace,no-loss-of-precision,no-misleading-character-class,no-mixed-spaces-and-tabs,no-nonoctal-decimal-escape,no-obj-calls,no-octal,no-prototype-builtins,no-regex-spaces,no-sparse-arrays,no-unexpected-multiline,no-unsafe-negation,no-unused-labels,no-useless-backreference,no-useless-escape,no-with,use-isnan,no-unpkg-cdn,no-proxy-requests,no-unhandled-promise,no-logging-rejections,no-non-client-request-model,no-deprecated-apis,no-dependency-mismatch,no-empty-function
2026-08-11 22:23:59.102 +0530 [debug] (lint.js) Running the following lints on the file config/assets/iparams.js : no-unpkg-cdn,no-proxy-requests,no-logging-rejections
2026-08-11 22:23:59.128 +0530 [debug] (validate.js) running validator manifest
2026-08-11 22:23:59.128 +0530 [debug] (validate.js) running validator manifest-dependency
2026-08-11 22:23:59.128 +0530 [debug] (validate.js) running validator oauth
2026-08-11 22:23:59.128 +0530 [debug] (validate.js) skipping validator pkgsize
2026-08-11 22:23:59.128 +0530 [debug] (validate.js) skipping validator schema
2026-08-11 22:23:59.128 +0530 [debug] (validate.js) running validator version-check
2026-08-11 22:23:59.128 +0530 [debug] (validate.js) running validator app-settings
2026-08-11 22:23:59.134 +0530 [debug] (event.js) Found ["onAppInstall","afterAppUpdate","onAppUninstall","onExternalEvent","onScheduledEvent","getDashboardData","getSidebarData","persistPrestaShopStoresSecurely","reconnectPrestaShopSync","getPrestaShopOrderNotes","addPrestaShopOrderNote","applyPrestaShopOrderCoupon","refundPrestaShopOrder","cancelPrestaShopOrder","updatePrestaShopOrderShipping","handleTicketUpdate","handleConversationCreate"] as exported functions.
2026-08-11 22:23:59.134 +0530 [debug] (manifest.js) Validating function getDashboardData
2026-08-11 22:23:59.134 +0530 [debug] (http.js) Failed to parse URL: https://<%= context.domain %>, error: Invalid URL
2026-08-11 22:23:59.134 +0530 [debug] (manifest.js) Validating function getSidebarData
2026-08-11 22:23:59.134 +0530 [debug] (requests.js) validating request template for "verify_prestashop_store_live"
2026-08-11 22:23:59.134 +0530 [debug] (manifest.js) Validating function persistPrestaShopStoresSecurely
2026-08-11 22:23:59.134 +0530 [debug] (http.js) Failed to parse URL: https://<%= context.store_host %>, error: Invalid URL
2026-08-11 22:23:59.135 +0530 [debug] (manifest.js) Validating function reconnectPrestaShopSync
2026-08-11 22:23:59.135 +0530 [debug] (requests.js) validating request template for "freshdesk_get_live"
2026-08-11 22:23:59.135 +0530 [debug] (manifest.js) Validating function getPrestaShopOrderNotes
2026-08-11 22:23:59.135 +0530 [debug] (http.js) Failed to parse URL: https://<%= context.domain %>, error: Invalid URL
2026-08-11 22:23:59.135 +0530 [debug] (manifest.js) Validating function addPrestaShopOrderNote
2026-08-11 22:23:59.135 +0530 [debug] (requests.js) validating request template for "freshdesk_post_live"
2026-08-11 22:23:59.135 +0530 [debug] (manifest.js) Validating function applyPrestaShopOrderCoupon
2026-08-11 22:23:59.135 +0530 [debug] (http.js) Failed to parse URL: https://<%= context.domain %>, error: Invalid URL
2026-08-11 22:23:59.135 +0530 [debug] (manifest.js) Validating function refundPrestaShopOrder
2026-08-11 22:23:59.135 +0530 [debug] (requests.js) validating request template for "freshdesk_put_live"
2026-08-11 22:23:59.135 +0530 [debug] (manifest.js) Validating function cancelPrestaShopOrder
2026-08-11 22:23:59.135 +0530 [debug] (http.js) Failed to parse URL: https://<%= context.domain %>, error: Invalid URL
2026-08-11 22:23:59.135 +0530 [debug] (manifest.js) Validating function updatePrestaShopOrderShipping
2026-08-11 22:23:59.135 +0530 [debug] (requests.js) validating request template for "prestashop_get_live"
2026-08-11 22:23:59.135 +0530 [debug] (http.js) Failed to parse URL: https://<%= context.store_host %>, error: Invalid URL
2026-08-11 22:23:59.135 +0530 [debug] (requests.js) validating request template for "prestashop_post_live"
2026-08-11 22:23:59.136 +0530 [debug] (http.js) Failed to parse URL: https://<%= context.store_host %>, error: Invalid URL
2026-08-11 22:23:59.136 +0530 [debug] (requests.js) validating request template for "prestashop_put_live"
2026-08-11 22:23:59.136 +0530 [debug] (http.js) Failed to parse URL: https://<%= context.domain %>, error: Invalid URL
2026-08-11 22:23:59.136 +0530 [debug] (http.js) Failed to parse URL: https://<%= context.store_host %>, error: Invalid URL
2026-08-11 22:23:59.136 +0530 [debug] (request.js) Checking request template for multi-oauth app
2026-08-11 22:23:59.136 +0530 [debug] (requests.js) validating request template for "prestashop_delete_live"
2026-08-11 22:23:59.136 +0530 [debug] (http.js) Failed to parse URL: https://<%= context.store_host %>, error: Invalid URL
2026-08-11 22:23:59.136 +0530 [debug] (http.js) Failed to parse URL: https://<%= context.store_host %>, error: Invalid URL
2026-08-11 22:23:59.136 +0530 [debug] (request.js) Checking request template for multi-oauth app
2026-08-11 22:23:59.136 +0530 [debug] (http.js) Failed to parse URL: https://<%= context.domain %>, error: Invalid URL
2026-08-11 22:23:59.136 +0530 [debug] (request.js) Checking request template for multi-oauth app
2026-08-11 22:23:59.136 +0530 [debug] (http.js) Failed to parse URL: https://<%= context.domain %>, error: Invalid URL
2026-08-11 22:23:59.136 +0530 [debug] (request.js) Checking request template for multi-oauth app
2026-08-11 22:23:59.136 +0530 [debug] (http.js) Failed to parse URL: https://<%= context.domain %>, error: Invalid URL
2026-08-11 22:23:59.136 +0530 [debug] (request.js) Checking request template for multi-oauth app
2026-08-11 22:23:59.137 +0530 [debug] (http.js) Failed to parse URL: https://<%= context.store_host %>, error: Invalid URL
2026-08-11 22:23:59.137 +0530 [debug] (request.js) Checking request template for multi-oauth app
2026-08-11 22:23:59.137 +0530 [debug] (http.js) Failed to parse URL: https://<%= context.store_host %>, error: Invalid URL
2026-08-11 22:23:59.137 +0530 [debug] (request.js) Checking request template for multi-oauth app
2026-08-11 22:23:59.137 +0530 [debug] (http.js) Failed to parse URL: https://<%= context.store_host %>, error: Invalid URL
2026-08-11 22:23:59.137 +0530 [debug] (request.js) Checking request template for multi-oauth app
2026-08-11 22:23:59.137 +0530 [debug] (http.js) Failed to parse URL: https://<%= context.store_host %>, error: Invalid URL
2026-08-11 22:23:59.137 +0530 [debug] (request.js) Checking request template for multi-oauth app
2026-08-11 22:23:59.138 +0530 [warn] Please ensure that the following are addressed for quick review process:
2026-08-11 22:23:59.138 +0530 [warn] [33m⚠[39m app/scripts/app.js::28: 'client' declared and assigned in different scopes. Possible asynchronous race condition.
2026-08-11 22:23:59.138 +0530 [warn] [33m⚠[39m app/scripts/app.js::92: Function 'render' has a complexity of 8. Maximum allowed is 7.
2026-08-11 22:23:59.138 +0530 [warn] [33m⚠[39m app/scripts/app.js::170: Function 'parseInvokeResponse' has a complexity of 9. Maximum allowed is 7.
2026-08-11 22:23:59.138 +0530 [warn] [33m⚠[39m app/scripts/dashboard.js::35: 'client' declared and assigned in different scopes. Possible asynchronous race condition.
2026-08-11 22:23:59.138 +0530 [warn] [33m⚠[39m app/scripts/dashboard.js::102: Function 'render' has a complexity of 17. Maximum allowed is 7.
2026-08-11 22:23:59.138 +0530 [warn] [33m⚠[39m app/scripts/dashboard.js::151: Arrow function has a complexity of 8. Maximum allowed is 7.
2026-08-11 22:23:59.138 +0530 [warn] [33m⚠[39m app/scripts/dashboard.js::177: Arrow function has a complexity of 9. Maximum allowed is 7.
2026-08-11 22:23:59.138 +0530 [warn] [33m⚠[39m app/scripts/dashboard.js::224: Function 'parseInvokeResponse' has a complexity of 9. Maximum allowed is 7.
2026-08-11 22:23:59.138 +0530 [warn] [33m⚠[39m app/scripts/order_action_modal.js::30: 'client' declared and assigned in different scopes. Possible asynchronous race condition.
2026-08-11 22:23:59.138 +0530 [warn] [33m⚠[39m app/scripts/order_action_modal.js::32: 'modalData' declared and assigned in different scopes. Possible asynchronous race condition.
2026-08-11 22:23:59.138 +0530 [warn] [33m⚠[39m app/scripts/order_action_modal.js::33: 'selectedOrder' declared and assigned in different scopes. Possible asynchronous race condition.
2026-08-11 22:23:59.138 +0530 [warn] [33m⚠[39m app/scripts/order_action_modal.js::34: 'selectedMode' declared and assigned in different scopes. Possible asynchronous race condition.
2026-08-11 22:23:59.138 +0530 [warn] [33m⚠[39m app/scripts/order_action_modal.js::74: Function 'renderModal' has a complexity of 8. Maximum allowed is 7.
2026-08-11 22:23:59.138 +0530 [warn] [33m⚠[39m app/scripts/order_action_modal.js::105: Function 'populateRefundForm' has a complexity of 11. Maximum allowed is 7.
2026-08-11 22:23:59.138 +0530 [warn] [33m⚠[39m app/scripts/order_action_modal.js::126: Function 'renderRefundItemRow' has a complexity of 12. Maximum allowed is 7.
2026-08-11 22:23:59.139 +0530 [warn] [33m⚠[39m app/scripts/order_action_modal.js::269: Async function 'notifySidebar' has a complexity of 8. Maximum allowed is 7.
2026-08-11 22:23:59.139 +0530 [warn] [33m⚠[39m app/scripts/order_action_modal.js::377: 'submitting' declared and assigned in different scopes. Possible asynchronous race condition.
2026-08-11 22:23:59.139 +0530 [warn] [33m⚠[39m app/scripts/runtime.js::67: 'client' declared and assigned in different scopes. Possible asynchronous race condition.
2026-08-11 22:23:59.139 +0530 [warn] [33m⚠[39m app/scripts/runtime.js::520: Async function 'applyRules' has a complexity of 24. Maximum allowed is 7.
2026-08-11 22:23:59.139 +0530 [warn] [33m⚠[39m app/scripts/runtime.js::885: Arrow function has a complexity of 14. Maximum allowed is 7.
2026-08-11 22:23:59.139 +0530 [warn] [33m⚠[39m app/scripts/runtime.js::941: Async function 'applyFieldOptions' has a complexity of 26. Maximum allowed is 7.
2026-08-11 22:23:59.139 +0530 [warn] [33m⚠[39m app/scripts/runtime.js::1118: Async function 'runPostSetOptionsPayloads' has a complexity of 11. Maximum allowed is 7.
2026-08-11 22:23:59.139 +0530 [warn] [33m⚠[39m app/scripts/runtime.js::1328: Arrow function has a complexity of 11. Maximum allowed is 7.
2026-08-11 22:23:59.139 +0530 [warn] [33m⚠[39m app/scripts/runtime.js::1364: Async function 'resolveAvailableOptions' has a complexity of 10. Maximum allowed is 7.
2026-08-11 22:23:59.139 +0530 [warn] [33m⚠[39m app/scripts/runtime.js::1416: possible deprecated API usage detected
2026-08-11 22:23:59.139 +0530 [warn] [33m⚠[39m app/scripts/runtime.js::1423: Function 'resolveDependentHierarchyOptionRecords' has a complexity of 14. Maximum allowed is 7.
2026-08-11 22:23:59.139 +0530 [warn] [33m⚠[39m app/scripts/runtime.js::1470: Arrow function has a complexity of 9. Maximum allowed is 7.
2026-08-11 22:23:59.139 +0530 [warn] [33m⚠[39m app/scripts/runtime.js::1507: Function 'choiceNodeMatchesHiddenValue' has a complexity of 11. Maximum allowed is 7.
2026-08-11 22:23:59.139 +0530 [warn] [33m⚠[39m app/scripts/runtime.js::1568: Function 'buildDependentOptionPayload' has a complexity of 11. Maximum allowed is 7.
2026-08-11 22:23:59.139 +0530 [warn] [33m⚠[39m app/scripts/runtime.js::1921: Function 'getDependentRootOptionValues' has a complexity of 8. Maximum allowed is 7.
2026-08-11 22:23:59.139 +0530 [warn] [33m⚠[39m app/scripts/runtime.js::1945: Function 'getDependentRootElementId' has a complexity of 8. Maximum allowed is 7.
2026-08-11 22:23:59.139 +0530 [warn] [33m⚠[39m app/scripts/runtime.js::1971: Arrow function has a complexity of 8. Maximum allowed is 7.
2026-08-11 22:23:59.139 +0530 [warn] [33m⚠[39m app/scripts/runtime.js::1995: Function 'resolveOptionPayloadStrategies' has a complexity of 8. Maximum allowed is 7.
2026-08-11 22:23:59.139 +0530 [warn] [33m⚠[39m app/scripts/runtime.js::2114: Function 'logDependentTrace' has a complexity of 9. Maximum allowed is 7.
2026-08-11 22:23:59.139 +0530 [warn] [33m⚠[39m app/scripts/runtime.js::2223: Function 'extractObjectValue' has a complexity of 22. Maximum allowed is 7.
2026-08-11 22:23:59.139 +0530 [warn] [33m⚠[39m app/scripts/runtime.js::2305: Function 'parseInvokeResponse' has a complexity of 9. Maximum allowed is 7.
2026-08-11 22:23:59.139 +0530 [warn] [33m⚠[39m app/scripts/ticket_sidebar.js::49: 'client' declared and assigned in different scopes. Possible asynchronous race condition.
2026-08-11 22:23:59.139 +0530 [warn] [33m⚠[39m app/scripts/ticket_sidebar.js::170: Async function 'loadSidebar' has a complexity of 14. Maximum allowed is 7.
2026-08-11 22:23:59.139 +0530 [warn] [33m⚠[39m app/scripts/ticket_sidebar.js::252: Function 'normalizeTicket' has a complexity of 41. Maximum allowed is 7.
2026-08-11 22:23:59.139 +0530 [warn] [33m⚠[39m app/scripts/ticket_sidebar.js::290: Function 'normalizeRequesterData' has a complexity of 20. Maximum allowed is 7.
2026-08-11 22:23:59.139 +0530 [warn] [33m⚠[39m app/scripts/ticket_sidebar.js::399: Function 'buildCustomerEmptyState' has a complexity of 9. Maximum allowed is 7.
2026-08-11 22:23:59.139 +0530 [warn] [33m⚠[39m app/scripts/ticket_sidebar.js::418: Function 'renderHeaderCustomer' has a complexity of 8. Maximum allowed is 7.
2026-08-11 22:23:59.139 +0530 [warn] [33m⚠[39m app/scripts/ticket_sidebar.js::450: Function 'renderCustomerCard' has a complexity of 14. Maximum allowed is 7.
2026-08-11 22:23:59.139 +0530 [warn] [33m⚠[39m app/scripts/ticket_sidebar.js::533: Arrow function has a complexity of 9. Maximum allowed is 7.
2026-08-11 22:23:59.139 +0530 [warn] [33m⚠[39m app/scripts/ticket_sidebar.js::551: Arrow function has a complexity of 12. Maximum allowed is 7.
2026-08-11 22:23:59.139 +0530 [warn] [33m⚠[39m app/scripts/ticket_sidebar.js::567: Function 'renderOrderCard' has a complexity of 22. Maximum allowed is 7.
2026-08-11 22:23:59.139 +0530 [warn] [33m⚠[39m app/scripts/ticket_sidebar.js::700: Function 'renderOrderActions' has a complexity of 28. Maximum allowed is 7.
2026-08-11 22:23:59.139 +0530 [warn] [33m⚠[39m app/scripts/ticket_sidebar.js::757: Function 'renderActiveOrderPanel' has a complexity of 36. Maximum allowed is 7.
2026-08-11 22:23:59.139 +0530 [warn] [33m⚠[39m app/scripts/ticket_sidebar.js::919: Function 'renderOrderNote' has a complexity of 9. Maximum allowed is 7.
2026-08-11 22:23:59.139 +0530 [warn] [33m⚠[39m app/scripts/ticket_sidebar.js::931: Function 'renderLineItemCard' has a complexity of 10. Maximum allowed is 7.
2026-08-11 22:23:59.139 +0530 [warn] [33m⚠[39m app/scripts/ticket_sidebar.js::976: Function 'shouldCollapseEmptySection' has a complexity of 12. Maximum allowed is 7.
2026-08-11 22:23:59.139 +0530 [warn] [33m⚠[39m app/scripts/ticket_sidebar.js::1022: Async function 'handleOrderActionClick' has a complexity of 38. Maximum allowed is 7.
2026-08-11 22:23:59.139 +0530 [warn] [33m⚠[39m app/scripts/ticket_sidebar.js::1188: Function 'handleInstanceMessages' has a complexity of 14. Maximum allowed is 7.
2026-08-11 22:23:59.139 +0530 [warn] [33m⚠[39m app/scripts/ticket_sidebar.js::1422: Function 'parseInvokeResponse' has a complexity of 9. Maximum allowed is 7.
2026-08-11 22:23:59.150 +0530 [warn] [33m⚠[39m server/server.js::19: Function 'parseArgs' has a complexity of 10. Maximum allowed is 7.
2026-08-11 22:23:59.150 +0530 [warn] [33m⚠[39m server/server.js::172: Function 'formatApiErrorDetail' has a complexity of 11. Maximum allowed is 7.
2026-08-11 22:23:59.150 +0530 [warn] [33m⚠[39m server/server.js::183: Arrow function has a complexity of 10. Maximum allowed is 7.
2026-08-11 22:23:59.150 +0530 [warn] [33m⚠[39m server/server.js::216: Async function 'invokeTemplate' has a complexity of 20. Maximum allowed is 7.
2026-08-11 22:23:59.150 +0530 [warn] [33m⚠[39m server/server.js::409: Function 'normalizePrestaShopStoreRecord' has a complexity of 18. Maximum allowed is 7.
2026-08-11 22:23:59.150 +0530 [warn] [33m⚠[39m server/server.js::462: Function 'getPrestaShopFeatureFlags' has a complexity of 10. Maximum allowed is 7.
2026-08-11 22:23:59.150 +0530 [warn] [33m⚠[39m server/server.js::480: Function 'buildPrestaShopFeatureItems' has a complexity of 11. Maximum allowed is 7.
2026-08-11 22:23:59.150 +0530 [warn] [33m⚠[39m server/server.js::546: possible deprecated API usage detected
2026-08-11 22:23:59.150 +0530 [warn] [33m⚠[39m server/server.js::554: possible deprecated API usage detected
2026-08-11 22:23:59.150 +0530 [warn] [33m⚠[39m server/server.js::895: Async function 'schedulePrestaShopOrderTicketRetry' has a complexity of 9. Maximum allowed is 7.
2026-08-11 22:23:59.150 +0530 [warn] [33m⚠[39m server/server.js::1036: Function 'buildPrestaShopApiPath' has a complexity of 8. Maximum allowed is 7.
2026-08-11 22:23:59.150 +0530 [warn] [33m⚠[39m server/server.js::1114: Async function 'installPrestaShopExtensionWebhooksForStores' has a complexity of 8. Maximum allowed is 7.
2026-08-11 22:23:59.150 +0530 [warn] [33m⚠[39m server/server.js::1199: Async function 'fetchFreshdeskRequesterEmail' has a complexity of 13. Maximum allowed is 7.
2026-08-11 22:23:59.150 +0530 [warn] [33m⚠[39m server/server.js::1210: Async function 'fetchFreshdeskTicketRequesterEmail' has a complexity of 31. Maximum allowed is 7.
2026-08-11 22:23:59.150 +0530 [warn] [33m⚠[39m server/server.js::1315: Function 'normalizeAddress' has a complexity of 20. Maximum allowed is 7.
2026-08-11 22:23:59.150 +0530 [warn] [33m⚠[39m server/server.js::1360: Function 'mergePrestaShopOrderPayload' has a complexity of 12. Maximum allowed is 7.
2026-08-11 22:23:59.150 +0530 [warn] [33m⚠[39m server/server.js::1375: Arrow function has a complexity of 11. Maximum allowed is 7.
2026-08-11 22:23:59.150 +0530 [warn] [33m⚠[39m server/server.js::1435: Function 'normalizePrestaShopGroupName' has a complexity of 8. Maximum allowed is 7.
2026-08-11 22:23:59.150 +0530 [warn] [33m⚠[39m server/server.js::1444: Function 'getPrestaShopCustomerTotalSpent' has a complexity of 11. Maximum allowed is 7.
2026-08-11 22:23:59.150 +0530 [warn] [33m⚠[39m server/server.js::1467: Function 'normalizeCustomerRecord' has a complexity of 40. Maximum allowed is 7.
2026-08-11 22:23:59.150 +0530 [warn] [33m⚠[39m server/server.js::1516: Async function 'fetchPrestaShopCustomerGroupName' has a complexity of 8. Maximum allowed is 7.
2026-08-11 22:23:59.150 +0530 [warn] [33m⚠[39m server/server.js::1557: Function 'getOrderShippingAddress' has a complexity of 9. Maximum allowed is 7.
2026-08-11 22:23:59.150 +0530 [warn] [33m⚠[39m server/server.js::1565: Function 'getOrderShippingMethod' has a complexity of 9. Maximum allowed is 7.
2026-08-11 22:23:59.150 +0530 [warn] [33m⚠[39m server/server.js::1589: Function 'normalizeProductOptionRecord' has a complexity of 10. Maximum allowed is 7.
2026-08-11 22:23:59.150 +0530 [warn] [33m⚠[39m server/server.js::1599: Function 'normalizeProductOption' has a complexity of 10. Maximum allowed is 7.
2026-08-11 22:23:59.150 +0530 [warn] [33m⚠[39m server/server.js::1617: Function 'normalizeOrderLineItem' has a complexity of 19. Maximum allowed is 7.
2026-08-11 22:23:59.150 +0530 [warn] [33m⚠[39m server/server.js::1654: Function 'buildCarrierTrackingUrl' has a complexity of 13. Maximum allowed is 7.
2026-08-11 22:23:59.150 +0530 [warn] [33m⚠[39m server/server.js::1677: Function 'normalizeShipmentTrack' has a complexity of 25. Maximum allowed is 7.
2026-08-11 22:23:59.150 +0530 [warn] [33m⚠[39m server/server.js::1753: Function 'buildOrderActionAvailability' has a complexity of 9. Maximum allowed is 7.
2026-08-11 22:23:59.150 +0530 [warn] [33m⚠[39m server/server.js::1812: Function 'hasPrestaShopShippingAddress' has a complexity of 8. Maximum allowed is 7.
2026-08-11 22:23:59.151 +0530 [warn] [33m⚠[39m server/server.js::1821: Function 'normalizeOrderRecord' has a complexity of 61. Maximum allowed is 7.
2026-08-11 22:23:59.151 +0530 [warn] [33m⚠[39m server/server.js::1893: Function 'normalizeGuestCustomerFromOrder' has a complexity of 10. Maximum allowed is 7.
2026-08-11 22:23:59.151 +0530 [warn] [33m⚠[39m server/server.js::1923: Function 'buildSearchQuery' has a complexity of 9. Maximum allowed is 7.
2026-08-11 22:23:59.151 +0530 [warn] [33m⚠[39m server/server.js::1967: Function 'buildOrderSearchText' has a complexity of 8. Maximum allowed is 7.
2026-08-11 22:23:59.151 +0530 [warn] [33m⚠[39m server/server.js::2028: Async function 'searchStoreOrders' has a complexity of 9. Maximum allowed is 7.
2026-08-11 22:23:59.151 +0530 [warn] [33m⚠[39m server/server.js::2161: Function 'storeHasRegisteredCustomerEmail' has a complexity of 9. Maximum allowed is 7.
2026-08-11 22:23:59.151 +0530 [warn] [33m⚠[39m server/server.js::2210: Arrow function has a complexity of 10. Maximum allowed is 7.
2026-08-11 22:23:59.151 +0530 [warn] [33m⚠[39m server/server.js::2237: Arrow function has a complexity of 12. Maximum allowed is 7.
2026-08-11 22:23:59.151 +0530 [warn] [33m⚠[39m server/server.js::2261: Async function 'finalizePrestaShopSidebarData' has a complexity of 8. Maximum allowed is 7.
2026-08-11 22:23:59.151 +0530 [warn] [33m⚠[39m server/server.js::2301: Async function 'collectGlobalPrestaShopSearchData' has a complexity of 9. Maximum allowed is 7.
2026-08-11 22:23:59.151 +0530 [warn] [33m⚠[39m server/server.js::2357: Async function 'collectPrestaShopSidebarData' has a complexity of 26. Maximum allowed is 7.
2026-08-11 22:23:59.151 +0530 [warn] [33m⚠[39m server/server.js::2586: Function 'buildFreshdeskContactPayloadFromPrestaShopCustomer' has a complexity of 10. Maximum allowed is 7.
2026-08-11 22:23:59.151 +0530 [warn] [33m⚠[39m server/server.js::2635: Function 'normalizeFreshdeskDefaultPayloadValue' has a complexity of 9. Maximum allowed is 7.
2026-08-11 22:23:59.151 +0530 [warn] [33m⚠[39m server/server.js::2679: Arrow function has a complexity of 8. Maximum allowed is 7.
2026-08-11 22:23:59.151 +0530 [warn] [33m⚠[39m server/server.js::2714: Function 'getFreshdeskMissingCustomFieldFallback' has a complexity of 8. Maximum allowed is 7.
2026-08-11 22:23:59.151 +0530 [warn] [33m⚠[39m server/server.js::2741: Arrow function has a complexity of 9. Maximum allowed is 7.
2026-08-11 22:23:59.151 +0530 [warn] [33m⚠[39m server/server.js::2782: Async function 'syncFreshdeskContactForPrestaShopCustomer' has a complexity of 16. Maximum allowed is 7.
2026-08-11 22:23:59.151 +0530 [warn] [33m⚠[39m server/server.js::2852: Function 'buildOrderCreatedTicketDescription' has a complexity of 9. Maximum allowed is 7.
2026-08-11 22:23:59.151 +0530 [warn] [33m⚠[39m server/server.js::2878: Async function 'createFreshdeskTicketForPrestaShopEvent' has a complexity of 12. Maximum allowed is 7.
2026-08-11 22:23:59.151 +0530 [warn] [33m⚠[39m server/server.js::2908: Async function 'processPrestaShopCustomerEvent' has a complexity of 13. Maximum allowed is 7.
2026-08-11 22:23:59.151 +0530 [warn] [33m⚠[39m server/server.js::2934: Async function 'processPrestaShopOrderCreatedEvent' has a complexity of 35. Maximum allowed is 7.
2026-08-11 22:23:59.151 +0530 [warn] [33m⚠[39m server/server.js::3091: Function 'buildExternalEventPayloadDiagnostics' has a complexity of 17. Maximum allowed is 7.
2026-08-11 22:23:59.151 +0530 [warn] [33m⚠[39m server/server.js::3182: Function 'buildPrestaShopExtensionShippingPayload' has a complexity of 12. Maximum allowed is 7.
2026-08-11 22:23:59.151 +0530 [warn] [33m⚠[39m server/server.js::3251: Async method 'onExternalEvent' has a complexity of 40. Maximum allowed is 7.
2026-08-11 22:23:59.151 +0530 [warn] [33m⚠[39m server/server.js::3307: Async method 'onScheduledEvent' has a complexity of 8. Maximum allowed is 7.
2026-08-11 22:23:59.151 +0530 [warn] 
[1mYour app might be using one or more API endpoints that will be deprecated soon. Please go through the deprecation notice (https://community.freshworks.dev/t/freshservice-rest-api-v1-deprecation-notice/5899) to find alternate resources.[0m
2026-08-11 22:23:59.151 +0530 [warn] 
2026-08-11 22:23:59.152 +0530 [info] App being packed in Node v24.11.1 using FDK 10.0.1
2026-08-11 22:23:59.152 +0530 [debug] (report.js) Generating hash for report.json file
2026-08-11 22:23:59.152 +0530 [debug] (data.js) Read {"report_hash":"037e6fd250ea787d2b63ef507d51506335c3b1f8c2814fe5eb78d230e183e5a0","try_ag_101_101_migrate_oauth_status":true,"try_ag_101_101_modules":{"try_ag_101_101_system_settings":{"currentHost":{"endpoint_urls":{"freshdesk":"https://driveautomation-support.freshdesk.com"},"subscribed_modules":["support_ticket"]}},"try_ag_101_101_custom_iparams":{"domain":"driveautomation-help.freshdesk.com","api_key":"ZGlPajRKTkFqUHl5U3dUejVjeXQ6WA==","exception_statuses":["resolved","waiting_on_customer","waiting_on_third_party"]}},"try_ag_101_101_schedule_onScheduledEvent_modules":{"name":"onScheduledEvent","data":{"ticket_id":1,"subject":"Email address change","scheduled_time":1751717760000,"current_status":"6","assigned_to":{"id":null,"name":"Unassigned"},"created_by":{"id":1130000122217,"name":"Test Test"},"created_at":1751717337298},"schedule_at":"2025-07-05T12:16:00.000Z"},"try_ag_101_101_schedule_reopen_schedule_1_modules":{"name":"reopen_schedule_1","data":{"ticket_id":1,"subject":"Email address change","scheduled_time":1752048000000,"current_status":"2","created_by":{"id":1130000122217,"name":"Falcon Saas"}},"schedule_at":"2025-07-09T08:00:00.000Z","event":"onScheduledEvent"},"try-again:reopen_schedule_1_modules":{"ticket_id":1,"subject":"Email address change","scheduled_time":1752048000000,"current_status":"2","assigned_to":{"id":null,"name":"Unassigned"},"created_by":{"id":1130000122217,"name":"Falcon Saas"},"created_at":1752047511210,"createdAt":1752047511266,"updatedAt":1752047511266,"clientProduct":"freshdesk"},"try-again:reopen_schedule_keys_modules":{"0":"reopen_schedule_1","createdAt":1752047541785,"updatedAt":1752047541785,"clientProduct":"freshdesk"},"schedu_101_101_migrate_oauth_status":true}
2026-08-11 22:23:59.152 +0530 [debug] (report.js) Comparing the stored hash with report.json file hash
2026-08-11 22:23:59.153 +0530 [debug] (pack.js) Cannot find './visitor-app' directory while packing.
2026-08-11 22:23:59.153 +0530 [debug] (pack.js) Cannot find './src' directory while packing.
2026-08-11 22:23:59.154 +0530 [debug] (file.js) Computing digest for app/dashboard.html,app/icon.svg,app/index.html,app/order_action_modal.html,app/runtime.html,app/scripts/app.js,app/scripts/dashboard.js,app/scripts/order_action_modal.js,app/scripts/runtime.js,app/scripts/ticket_sidebar.js,app/ticket_sidebar.html,manifest.json.
2026-08-11 22:23:59.155 +0530 [debug] (pack.js) Packing ./app/dashboard.html
2026-08-11 22:23:59.157 +0530 [debug] (pack.js) Packing ./app/icon.svg
2026-08-11 22:23:59.157 +0530 [debug] (pack.js) Packing ./app/index.html
2026-08-11 22:23:59.158 +0530 [debug] (pack.js) Packing ./app/order_action_modal.html
2026-08-11 22:23:59.159 +0530 [debug] (pack.js) Packing ./app/runtime.html
2026-08-11 22:23:59.159 +0530 [debug] (pack.js) Packing ./app/scripts/app.js
2026-08-11 22:23:59.160 +0530 [debug] (pack.js) Packing ./app/scripts/dashboard.js
2026-08-11 22:23:59.161 +0530 [debug] (pack.js) Packing ./app/scripts/order_action_modal.js
2026-08-11 22:23:59.162 +0530 [debug] (pack.js) Packing ./app/scripts/runtime.js
2026-08-11 22:23:59.165 +0530 [debug] (pack.js) Packing ./app/scripts/ticket_sidebar.js
2026-08-11 22:23:59.172 +0530 [debug] (pack.js) Packing ./app/ticket_sidebar.html
2026-08-11 22:23:59.174 +0530 [debug] (pack.js) Packing ./server/server.js
2026-08-11 22:23:59.178 +0530 [debug] (pack.js) Packing ./config/assets/iparams.js
2026-08-11 22:23:59.180 +0530 [debug] (pack.js) Packing ./config/iparams.html
2026-08-11 22:23:59.181 +0530 [debug] (pack.js) Packing ./config/requests.json
2026-08-11 22:23:59.181 +0530 [debug] (pack.js) Packing ./manifest.json
2026-08-11 22:23:59.181 +0530 [debug] (pack.js) Packing ./.report.json
2026-08-11 22:23:59.181 +0530 [debug] (pack.js) Packing ./.meta.json
2026-08-11 22:23:59.181 +0530 [debug] (pack.js) Packing ./digest.md5
2026-08-11 22:23:59.192 +0530 [debug] (validate.js) asked to skip the following validations, 
2026-08-11 22:23:59.192 +0530 [debug] (validate.js) skipping validator actions
2026-08-11 22:23:59.192 +0530 [debug] (validate.js) skipping validator requests
2026-08-11 22:23:59.192 +0530 [debug] (validate.js) skipping validator app-dir
2026-08-11 22:23:59.192 +0530 [debug] (validate.js) skipping validator config-dir
2026-08-11 22:23:59.192 +0530 [debug] (validate.js) skipping validator custom-objects
2026-08-11 22:23:59.192 +0530 [debug] (validate.js) skipping validator event
2026-08-11 22:23:59.192 +0530 [debug] (validate.js) skipping validator iparam
2026-08-11 22:23:59.192 +0530 [debug] (validate.js) skipping validator lint
2026-08-11 22:23:59.192 +0530 [debug] (validate.js) skipping validator manifest
2026-08-11 22:23:59.192 +0530 [debug] (validate.js) skipping validator manifest-dependency
2026-08-11 22:23:59.192 +0530 [debug] (validate.js) skipping validator oauth
2026-08-11 22:23:59.192 +0530 [debug] (validate.js) running validator pkgsize
2026-08-11 22:23:59.192 +0530 [debug] (validate.js) skipping validator schema
2026-08-11 22:23:59.192 +0530 [debug] (validate.js) skipping validator version-check
2026-08-11 22:23:59.192 +0530 [debug] (validate.js) skipping validator app-settings
2026-08-11 22:23:59.192 +0530 [info] App packed successfully at /dist/PrestaConnector.zip
2026-08-11 22:23:59.192 +0530 [info] Upload this file to the marketplace by following the instructions at https://developers.freshworks.com/docs/app-sdk/v3.0/common/app-submission-process/
2026-08-11 22:23:59.192 +0530 [debug] (file.js) Deleting digest.
2026-08-11 22:23:59.199 +0530 [debug] (report.js) Generating hash for report.json file
